report_month,vp,exception_reason,margin_pct,roi,event_no_loan_bucket_rows,detail,issue_key
2025-01-01,Andrew Brown,"contains_no_loan_bucket_rows,margin_outlier,roi_outlier",-81.247481,-0.362574,9,,
2025-01-01,Andrew Flores,"contains_no_loan_bucket_rows,margin_outlier",-747.119085,,23,,
2025-01-01,Andrew Garcia,"contains_no_loan_bucket_rows,margin_outlier,roi_outlier",-89.248459,-0.129104,15,,
2025-01-01,Andrew Gonzalez,"contains_no_loan_bucket_rows,margin_outlier",-7.359993,,3,,
2025-01-01,Andrew Harris,"contains_no_loan_bucket_rows,margin_outlier,roi_outlier",-28.905056,-0.22035,7,,
2025-01-01,Andrew Johnson,contains_no_loan_bucket_rows,,,2,,
2025-01-01,Andrew Jones,"contains_no_loan_bucket_rows,margin_outlier,roi_outlier",1.315248,-0.426481,4,,
2025-01-01,Andrew King,"contains_no_loan_bucket_rows,margin_outlier",3.551124,,2,,
2025-01-01,Andrew Lee,"contains_no_loan_bucket_rows,margin_outlier,roi_outlier",-15.622669,-1.882367,3,,
2025-01-01,Andrew Lewis,contains_no_loan_bucket_rows,,,2,,
2025-01-01,Andrew Miller,margin_outlier,-16.563481,,0,,
2025-01-01,Andrew Moore,"contains_no_loan_bucket_rows,margin_outlier,roi_outlier",-20.215441,-0.225569,23,,
2025-01-01,Andrew Perez,"contains_no_loan_bucket_rows,margin_outlier",-6.346369,,3,,
2025-01-01,Andrew Robinson,"contains_no_loan_bucket_rows,margin_outlier,roi_outlier",1.225904,-0.436821,1,,
2025-01-01,Andrew Rodriguez,"contains_no_loan_bucket_rows,margin_outlier,roi_outlier",-51.048849,-0.578448,18,,
2025-01-01,Andrew Scott,"contains_no_loan_bucket_rows,margin_outlier",-0.595251,,3,,
2025-01-01,Andrew Smith,"contains_no_loan_bucket_rows,margin_outlier",-1.505076,,2,,
2025-01-01,Andrew Taylor,contains_no_loan_bucket_rows,,,2,,
2025-01-01,Andrew Thompson,"contains_no_loan_bucket_rows,margin_outlier",-125.505414,,17,,
2025-01-01,Andrew Walker,"contains_no_loan_bucket_rows,margin_outlier",-175.770875,,11,,
2025-01-01,Andrew Williams,"contains_no_loan_bucket_rows,margin_outlier,roi_outlier",-8.509829,-0.698719,8,,
2025-01-01,Andrew Wilson,"contains_no_loan_bucket_rows,margin_outlier",-10.52408,,6,,
2025-01-01,Andrew Young,"contains_no_loan_bucket_rows,margin_outlier",-10.295633,,1,,
2025-01-01,Anthony Allen,"contains_no_loan_bucket_rows,margin_outlier,roi_outlier",-39.153966,-0.145357,4,,
2025-01-01,Anthony Anderson,"contains_no_loan_bucket_rows,margin_outlier,roi_outlier",-45.588392,-0.108272,3,,
2025-01-01,Anthony Brown,contains_no_loan_bucket_rows,-0.446795,,11,,
2025-01-01,Anthony Clark,"contains_no_loan_bucket_rows,margin_outlier",-5.036064,,2,,
2025-01-01,Anthony Davis,contains_no_loan_bucket_rows,,,1,,
2025-01-01,Anthony Gonzalez,"contains_no_loan_bucket_rows,margin_outlier,roi_outlier",-27.839502,-0.150838,28,,
2025-01-01,Anthony Hill,"contains_no_loan_bucket_rows,margin_outlier",-138.363006,,2,,
2025-01-01,Anthony Johnson,"contains_no_loan_bucket_rows,margin_outlier,roi_outlier",1.737621,-0.027749,2,,
2025-01-01,Anthony Jones,"contains_no_loan_bucket_rows,margin_outlier,roi_outlier",-33.707418,-0.258094,38,,
2025-01-01,Anthony King,"contains_no_loan_bucket_rows,margin_outlier",-193.428865,,4,,
2025-01-01,Anthony Lee,"contains_no_loan_bucket_rows,margin_outlier,roi_outlier",-78.405929,-1.071998,30,,
2025-01-01,Anthony Lewis,"contains_no_loan_bucket_rows,margin_outlier,roi_outlier",-8.285214,-0.478909,6,,
2025-01-01,Anthony Lopez,"contains_no_loan_bucket_rows,margin_outlier",-20.000732,,6,,
2025-01-01,Anthony Perez,"contains_no_loan_bucket_rows,margin_outlier",-1.179844,,2,,
2025-01-01,Anthony Robinson,"contains_no_loan_bucket_rows,margin_outlier,roi_outlier",-153.115373,-0.451463,5,,
2025-01-01,Anthony Sanchez,contains_no_loan_bucket_rows,0.692069,,3,,
2025-01-01,Anthony Scott,"contains_no_loan_bucket_rows,margin_outlier",-165.180399,,4,,
2025-01-01,Anthony Taylor,"contains_no_loan_bucket_rows,margin_outlier",53.786605,,11,,
2025-01-01,Anthony Thomas,"contains_no_loan_bucket_rows,margin_outlier,roi_outlier",-3.885329,-3.486694,3,,
2025-01-01,Anthony Thompson,"contains_no_loan_bucket_rows,margin_outlier",-3.46671,,2,,
2025-01-01,Anthony Walker,"contains_no_loan_bucket_rows,margin_outlier",-71.715423,,6,,
2025-01-01,Anthony White,"contains_no_loan_bucket_rows,margin_outlier,roi_outlier",-26.807372,-0.754024,10,,
2025-01-01,Anthony Williams,"contains_no_loan_bucket_rows,margin_outlier,roi_outlier",-119.571131,-0.118192,10,,
2025-01-01,Anthony Wilson,"contains_no_loan_bucket_rows,margin_outlier",-18.882034,,11,,
2025-01-01,Anthony Wright,"contains_no_loan_bucket_rows,margin_outlier",-1.198136,,3,,
2025-01-01,Ashley Brown,contains_no_loan_bucket_rows,0.884543,,19,,
2025-01-01,Ashley Flores,"contains_no_loan_bucket_rows,margin_outlier",4.338268,,15,,
2025-01-01,Ashley Garcia,"contains_no_loan_bucket_rows,margin_outlier",1.217006,,7,,
2025-01-01,Ashley Hernandez,"contains_no_loan_bucket_rows,margin_outlier,roi_outlier",-125.33487,-0.121669,16,,
2025-01-01,Ashley Hill,"contains_no_loan_bucket_rows,margin_outlier,roi_outlier",-32.517784,-0.028134,8,,
2025-01-01,Ashley Johnson,"contains_no_loan_bucket_rows,margin_outlier",1.361512,,5,,
2025-01-01,Ashley Lewis,contains_no_loan_bucket_rows,,,1,,
2025-01-01,Ashley Martin,contains_no_loan_bucket_rows,,,1,,
2025-01-01,Ashley Miller,"contains_no_loan_bucket_rows,margin_outlier,roi_outlier",-56.452033,-0.178025,32,,
2025-01-01,Ashley Moore,"contains_no_loan_bucket_rows,margin_outlier,roi_outlier",0.912667,-0.320042,2,,
2025-01-01,Ashley Robinson,"contains_no_loan_bucket_rows,margin_outlier",12.985874,,12,,
2025-01-01,Ashley Sanchez,"contains_no_loan_bucket_rows,margin_outlier,roi_outlier",-422.03502,-0.213149,39,,
2025-01-01,Ashley Scott,"contains_no_loan_bucket_rows,margin_outlier",-1.254367,,5,,
2025-01-01,Ashley Taylor,"contains_no_loan_bucket_rows,margin_outlier,roi_outlier",-66.910187,-0.056729,28,,
2025-01-01,Ashley Thompson,"contains_no_loan_bucket_rows,margin_outlier,roi_outlier",-15.810166,-1.216189,8,,
2025-01-01,Ashley White,contains_no_loan_bucket_rows,,,2,,
2025-01-01,Ashley Wilson,"contains_no_loan_bucket_rows,margin_outlier",-1.871837,,1,,
2025-01-01,Ashley Young,"contains_no_loan_bucket_rows,margin_outlier",-16.504308,,7,,
2025-01-01,Barbara Garcia,"contains_no_loan_bucket_rows,margin_outlier",1.17786,,8,,
2025-01-01,Barbara Gonzalez,"contains_no_loan_bucket_rows,margin_outlier",21.087045,0.402523,3,,
2025-01-01,Barbara Hernandez,"contains_no_loan_bucket_rows,margin_outlier,roi_outlier",-11.223922,-0.094613,5,,
2025-01-01,Barbara Jackson,"contains_no_loan_bucket_rows,margin_outlier",-7.127748,,8,,
2025-01-01,Barbara Jones,"contains_no_loan_bucket_rows,margin_outlier,roi_outlier",-20.418941,-4.190787,4,,
2025-01-01,Barbara Lopez,"contains_no_loan_bucket_rows,margin_outlier,roi_outlier",-26.010198,-0.138774,3,,
2025-01-01,Barbara Martin,contains_no_loan_bucket_rows,,,1,,
2025-01-01,Barbara Martinez,"contains_no_loan_bucket_rows,margin_outlier",-50.651726,,34,,
2025-01-01,Barbara Miller,"contains_no_loan_bucket_rows,margin_outlier",-162.557466,,13,,
2025-01-01,Barbara Scott,"contains_no_loan_bucket_rows,margin_outlier",-2.528104,,2,,
2025-01-01,Barbara Taylor,"contains_no_loan_bucket_rows,margin_outlier,roi_outlier",1.333852,-0.488901,24,,
2025-01-01,Barbara Thomas,"contains_no_loan_bucket_rows,margin_outlier,roi_outlier",-337.019863,-0.126322,41,,
2025-01-01,Barbara Thompson,"contains_no_loan_bucket_rows,margin_outlier",-3.461505,,1,,
2025-01-01,Barbara Torres,"contains_no_loan_bucket_rows,margin_outlier",-1269.912181,,1,,
2025-01-01,Barbara White,"margin_outlier,roi_outlier",-4.504216,-0.607669,0,,
2025-01-01,Betty Anderson,"contains_no_loan_bucket_rows,margin_outlier",190.238755,0.074497,75,,
2025-01-01,Betty Brown,"contains_no_loan_bucket_rows,margin_outlier,roi_outlier",-162.59342,-0.285582,67,,
2025-01-01,Betty Garcia,"contains_no_loan_bucket_rows,margin_outlier",-53.407129,,20,,
2025-01-01,Betty Harris,contains_no_loan_bucket_rows,,,3,,
2025-01-01,Betty Hernandez,"contains_no_loan_bucket_rows,margin_outlier,roi_outlier",-41.907843,-1.610759,7,,
2025-01-01,Betty Hill,"contains_no_loan_bucket_rows,margin_outlier",-10.075078,,1,,
2025-01-01,Betty Jackson,"contains_no_loan_bucket_rows,margin_outlier",-0.842548,,4,,
2025-01-01,Betty Johnson,"contains_no_loan_bucket_rows,margin_outlier",211.977452,,9,,
2025-01-01,Betty King,"contains_no_loan_bucket_rows,margin_outlier,roi_outlier",-3.878057,-0.29982,9,,
2025-01-01,Betty Lee,"contains_no_loan_bucket_rows,margin_outlier",-3.19941,,1,,
2025-01-01,Betty Lopez,"contains_no_loan_bucket_rows,margin_outlier",-9.490369,,4,,
2025-01-01,Betty Martinez,"contains_no_loan_bucket_rows,margin_outlier,roi_outlier",-31.602512,-1.225146,40,,
2025-01-01,Betty Miller,"contains_no_loan_bucket_rows,margin_outlier,roi_outlier",-62.100694,-0.830661,20,,
2025-01-01,Betty Nguyen,contains_no_loan_bucket_rows,,,2,,
2025-01-01,Betty Robinson,contains_no_loan_bucket_rows,,,1,,
2025-01-01,Betty Rodriguez,"contains_no_loan_bucket_rows,margin_outlier,roi_outlier",1.204034,-0.251323,13,,
2025-01-01,Betty Sanchez,"contains_no_loan_bucket_rows,margin_outlier",-23.176573,,5,,
2025-01-01,Betty Smith,"contains_no_loan_bucket_rows,margin_outlier,roi_outlier",-1.425162,-0.283095,2,,
2025-01-01,Betty Thomas,"contains_no_loan_bucket_rows,margin_outlier",-205.122389,,21,,
2025-01-01,Betty Williams,"contains_no_loan_bucket_rows,margin_outlier",-10.35452,,4,,
2025-01-01,Betty Wilson,"contains_no_loan_bucket_rows,margin_outlier",-39.255626,,3,,
2025-01-01,Betty Wright,"contains_no_loan_bucket_rows,margin_outlier,roi_outlier",-31.99967,-0.196235,12,,
2025-01-01,Betty Young,"contains_no_loan_bucket_rows,margin_outlier",19.854444,,18,,
2025-01-01,Charles Allen,"contains_no_loan_bucket_rows,margin_outlier",-1.444544,,5,,
2025-01-01,Charles Anderson,"contains_no_loan_bucket_rows,margin_outlier,roi_outlier",1.312698,-0.024219,10,,
2025-01-01,Charles Brown,"contains_no_loan_bucket_rows,margin_outlier",-10.552224,,9,,
2025-01-01,Charles Davis,contains_no_loan_bucket_rows,,,1,,
2025-01-01,Charles Hill,"contains_no_loan_bucket_rows,margin_outlier",-361.185287,,15,,
2025-01-01,Charles Jones,contains_no_loan_bucket_rows,,,2,,
2025-01-01,Charles King,"contains_no_loan_bucket_rows,margin_outlier",-9.706161,,6,,
2025-01-01,Charles Lopez,"contains_no_loan_bucket_rows,margin_outlier,roi_outlier",1.434746,-0.034998,15,,
2025-01-01,Charles Martin,"contains_no_loan_bucket_rows,margin_outlier,roi_outlier",-142.341922,-1.549292,33,,
2025-01-01,Charles Martinez,"contains_no_loan_bucket_rows,margin_outlier",-76.416916,,7,,
2025-01-01,Charles Miller,"contains_no_loan_bucket_rows,margin_outlier",-17.316277,,7,,
2025-01-01,Charles Moore,margin_outlier,-6.251326,,0,,
2025-01-01,Charles Nguyen,"contains_no_loan_bucket_rows,margin_outlier",31.254626,0.454017,6,,
2025-01-01,Charles Ramirez,"contains_no_loan_bucket_rows,roi_outlier",0.087209,-0.497239,6,,
2025-01-01,Charles Rodriguez,"contains_no_loan_bucket_rows,margin_outlier,roi_outlier",10.884961,-0.258801,17,,
2025-01-01,Charles Sanchez,"contains_no_loan_bucket_rows,margin_outlier",-20.434935,,1,,
2025-01-01,Charles Scott,"contains_no_loan_bucket_rows,margin_outlier,roi_outlier",-89.851599,-0.207093,56,,
2025-01-01,Charles Smith,"contains_no_loan_bucket_rows,margin_outlier,roi_outlier",-0.840485,-0.185749,1,,
2025-01-01,Charles Thomas,"contains_no_loan_bucket_rows,margin_outlier,roi_outlier",1.175394,-0.048454,21,,
2025-01-01,Charles Thompson,"contains_no_loan_bucket_rows,margin_outlier,roi_outlier",-139.784688,-0.042579,8,,
2025-01-01,Charles White,"contains_no_loan_bucket_rows,margin_outlier",-47.675524,,7,,
2025-01-01,Charles Williams,contains_no_loan_bucket_rows,,,1,,
2025-01-01,Christopher Brown,contains_no_loan_bucket_rows,,,1,,
2025-01-01,Christopher Clark,contains_no_loan_bucket_rows,,,2,,
2025-01-01,Christopher Gonzalez,"contains_no_loan_bucket_rows,margin_outlier",-7.954516,,2,,
2025-01-01,Christopher Harris,"contains_no_loan_bucket_rows,margin_outlier,roi_outlier",-608.947318,-0.230169,68,,
2025-01-01,Christopher Hernandez,"contains_no_loan_bucket_rows,margin_outlier,roi_outlier",-9.216397,-0.18782,2,,
2025-01-01,Christopher Hill,"contains_no_loan_bucket_rows,margin_outlier,roi_outlier",1.370388,-0.172611,7,,
2025-01-01,Christopher Johnson,contains_no_loan_bucket_rows,-0.485996,,2,,
2025-01-01,Christopher Lewis,contains_no_loan_bucket_rows,-0.133731,,2,,
2025-01-01,Christopher Lopez,"contains_no_loan_bucket_rows,margin_outlier",1.247286,,3,,
2025-01-01,Christopher Martinez,"contains_no_loan_bucket_rows,margin_outlier",-56.026272,,9,,
2025-01-01,Christopher Robinson,"contains_no_loan_bucket_rows,margin_outlier,roi_outlier",-56.799175,-0.300919,20,,
2025-01-01,Christopher Rodriguez,"contains_no_loan_bucket_rows,margin_outlier",-489.506393,,10,,
2025-01-01,Christopher Sanchez,"contains_no_loan_bucket_rows,margin_outlier",-545.094104,,4,,
2025-01-01,Christopher Taylor,"contains_no_loan_bucket_rows,margin_outlier",-11.564586,,2,,
2025-01-01,Christopher Thomas,contains_no_loan_bucket_rows,,,4,,
2025-01-01,Christopher Thompson,"contains_no_loan_bucket_rows,margin_outlier",-96.880852,,7,,
2025-01-01,Christopher Torres,contains_no_loan_bucket_rows,,,1,,
2025-01-01,Christopher Walker,"contains_no_loan_bucket_rows,margin_outlier,roi_outlier",-449.960214,-0.702907,36,,
2025-01-01,Christopher White,contains_no_loan_bucket_rows,,,1,,
2025-01-01,Christopher Williams,"contains_no_loan_bucket_rows,margin_outlier",-53.72418,,3,,
2025-01-01,Christopher Young,contains_no_loan_bucket_rows,0.113961,,2,,
2025-01-01,Daniel Allen,"contains_no_loan_bucket_rows,margin_outlier",-12.615576,,2,,
2025-01-01,Daniel Garcia,"contains_no_loan_bucket_rows,margin_outlier,roi_outlier",-185.242521,-0.783998,33,,
2025-01-01,Daniel Gonzalez,"contains_no_loan_bucket_rows,margin_outlier,roi_outlier",-11.054767,-0.626,1,,
2025-01-01,Daniel Jackson,"contains_no_loan_bucket_rows,margin_outlier",23.877289,,7,,
2025-01-01,Daniel Johnson,"contains_no_loan_bucket_rows,margin_outlier,roi_outlier",-6.100918,-1.145581,6,,
2025-01-01,Daniel Jones,"contains_no_loan_bucket_rows,roi_outlier",-0.416784,-0.213022,4,,
2025-01-01,Daniel King,"contains_no_loan_bucket_rows,margin_outlier",27.5608,,8,,
2025-01-01,Daniel Lopez,"contains_no_loan_bucket_rows,margin_outlier",-53.208827,,8,,
2025-01-01,Daniel Martin,"contains_no_loan_bucket_rows,margin_outlier,roi_outlier",-358.465687,-0.258461,31,,
2025-01-01,Daniel Martinez,"contains_no_loan_bucket_rows,margin_outlier",-2.823454,,5,,
2025-01-01,Daniel Miller,contains_no_loan_bucket_rows,,,1,,
2025-01-01,Daniel Perez,"contains_no_loan_bucket_rows,margin_outlier,roi_outlier",-66.258616,-0.33483,84,,
2025-01-01,Daniel Ramirez,"contains_no_loan_bucket_rows,margin_outlier,roi_outlier",5.10956,-0.107546,2,,
2025-01-01,Daniel Rodriguez,"contains_no_loan_bucket_rows,margin_outlier,roi_outlier",-8.98473,-0.452669,1,,
2025-01-01,Daniel Scott,"contains_no_loan_bucket_rows,margin_outlier",-253.80906,,6,,
2025-01-01,Daniel Smith,"contains_no_loan_bucket_rows,margin_outlier",5.385676,,2,,
2025-01-01,Daniel Taylor,"contains_no_loan_bucket_rows,margin_outlier,roi_outlier",-8.216865,-1.746177,1,,
2025-01-01,Daniel Torres,"contains_no_loan_bucket_rows,margin_outlier,roi_outlier",1.347133,-0.200592,6,,
2025-01-01,Daniel White,"contains_no_loan_bucket_rows,margin_outlier",-5.528638,,9,,
2025-01-01,Daniel Wilson,"contains_no_loan_bucket_rows,margin_outlier",-8.21617,,3,,
2025-01-01,Daniel Wright,"contains_no_loan_bucket_rows,margin_outlier",-20.544728,,2,,
2025-01-01,David Anderson,contains_no_loan_bucket_rows,,,1,,
2025-01-01,David Clark,contains_no_loan_bucket_rows,,,2,,
2025-01-01,David Garcia,"contains_no_loan_bucket_rows,margin_outlier,roi_outlier",-15.526349,-0.418848,16,,
2025-01-01,David Gonzalez,"contains_no_loan_bucket_rows,margin_outlier,roi_outlier",-24.889681,-0.307957,6,,
2025-01-01,David Harris,"contains_no_loan_bucket_rows,margin_outlier",-609.529918,,2,,
2025-01-01,David Hill,contains_no_loan_bucket_rows,,,1,,
2025-01-01,David King,contains_no_loan_bucket_rows,,,1,,
2025-01-01,David Lee,"contains_no_loan_bucket_rows,margin_outlier",24.582079,,7,,
2025-01-01,David Lewis,"contains_no_loan_bucket_rows,margin_outlier,roi_outlier",-31.836978,-0.456754,29,,
2025-01-01,David Lopez,"contains_no_loan_bucket_rows,margin_outlier",-80.080409,,6,,
2025-01-01,David Martin,"contains_no_loan_bucket_rows,margin_outlier",-14.490346,,6,,
2025-01-01,David Nguyen,"contains_no_loan_bucket_rows,margin_outlier,roi_outlier",-44.872823,-0.554272,10,,
2025-01-01,David Rodriguez,"contains_no_loan_bucket_rows,margin_outlier,roi_outlier",-10.619572,-0.133775,4,,
2025-01-01,David Sanchez,"contains_no_loan_bucket_rows,margin_outlier",-5.240316,,1,,
2025-01-01,David Scott,contains_no_loan_bucket_rows,,,1,,
2025-01-01,David Taylor,"contains_no_loan_bucket_rows,margin_outlier,roi_outlier",-9.117958,-0.894963,1,,
2025-01-01,David Torres,"contains_no_loan_bucket_rows,margin_outlier",-37.14386,,17,,
2025-01-01,David Walker,"contains_no_loan_bucket_rows,margin_outlier",-13.823596,,3,,
2025-01-01,David Young,contains_no_loan_bucket_rows,,,1,,
2025-01-01,Donald Allen,"contains_no_loan_bucket_rows,margin_outlier",-4.377507,,1,,
2025-01-01,Donald Anderson,"contains_no_loan_bucket_rows,roi_outlier",-0.201002,-0.172927,1,,
2025-01-01,Donald Brown,"contains_no_loan_bucket_rows,margin_outlier",-27.099471,,7,,
2025-01-01,Donald Garcia,"contains_no_loan_bucket_rows,margin_outlier,roi_outlier",1.402605,-0.085376,9,,
2025-01-01,Donald Gonzalez,"contains_no_loan_bucket_rows,margin_outlier,roi_outlier",-75.846271,-0.044216,5,,
2025-01-01,Donald Hill,"contains_no_loan_bucket_rows,margin_outlier",-28.170049,,9,,
2025-01-01,Donald King,"contains_no_loan_bucket_rows,margin_outlier,roi_outlier",-88.373342,-2.30031,15,,
2025-01-01,Donald Lee,contains_no_loan_bucket_rows,,,1,,
2025-01-01,Donald Lopez,"contains_no_loan_bucket_rows,margin_outlier,roi_outlier",-69.904677,-0.903648,4,,
2025-01-01,Donald Martin,"contains_no_loan_bucket_rows,margin_outlier",170.654406,,8,,
2025-01-01,Donald Miller,contains_no_loan_bucket_rows,,,1,,
2025-01-01,Donald Nguyen,"contains_no_loan_bucket_rows,margin_outlier,roi_outlier",9.289077,-0.275059,26,,
2025-01-01,Donald Perez,"contains_no_loan_bucket_rows,margin_outlier,roi_outlier",-46.310095,-0.106227,18,,
2025-01-01,Donald Ramirez,contains_no_loan_bucket_rows,,,3,,
2025-01-01,Donald Robinson,"contains_no_loan_bucket_rows,margin_outlier",115.723168,,25,,
2025-01-01,Donald Scott,"contains_no_loan_bucket_rows,margin_outlier,roi_outlier",-361.032418,-0.105678,48,,
2025-01-01,Donald Smith,"contains_no_loan_bucket_rows,margin_outlier,roi_outlier",1.433491,-0.122957,5,,
2025-01-01,Donald Thomas,contains_no_loan_bucket_rows,,,1,,
2025-01-01,Donald Thompson,"contains_no_loan_bucket_rows,margin_outlier,roi_outlier",-299.232412,-0.134559,70,,
2025-01-01,Donald Torres,"contains_no_loan_bucket_rows,margin_outlier,roi_outlier",-939.428642,-0.052865,99,,
2025-01-01,Donald Wilson,"contains_no_loan_bucket_rows,margin_outlier,roi_outlier",-0.663628,-0.404111,9,,
2025-01-01,Donald Wright,"contains_no_loan_bucket_rows,margin_outlier,roi_outlier",-13.424805,-0.436802,7,,
2025-01-01,Donald Young,"contains_no_loan_bucket_rows,margin_outlier",-5.970025,,3,,
2025-01-01,Donna Anderson,"contains_no_loan_bucket_rows,margin_outlier",-7.157915,,3,,
2025-01-01,Donna Brown,contains_no_loan_bucket_rows,0.075659,,6,,
2025-01-01,Donna Garcia,contains_no_loan_bucket_rows,,,2,,
2025-01-01,Donna Gonzalez,"contains_no_loan_bucket_rows,margin_outlier",-141.201856,,4,,
2025-01-01,Donna Jackson,"contains_no_loan_bucket_rows,margin_outlier",-11.413873,,1,,
2025-01-01,Donna Lewis,"contains_no_loan_bucket_rows,margin_outlier",-87.104886,,2,,
2025-01-01,Donna Lopez,"contains_no_loan_bucket_rows,margin_outlier",47.740969,,7,,
2025-01-01,Donna Nguyen,contains_no_loan_bucket_rows,,,1,,
2025-01-01,Donna Perez,"contains_no_loan_bucket_rows,margin_outlier",-33.021963,,2,,
2025-01-01,Donna Ramirez,"contains_no_loan_bucket_rows,margin_outlier,roi_outlier",-210.851399,-0.165292,41,,
2025-01-01,Donna Robinson,"contains_no_loan_bucket_rows,margin_outlier",-72.664116,,25,,
2025-01-01,Donna Smith,"contains_no_loan_bucket_rows,margin_outlier,roi_outlier",-24.347816,-0.04592,13,,
2025-01-01,Donna Taylor,"contains_no_loan_bucket_rows,margin_outlier,roi_outlier",-72.190255,-0.336591,3,,
2025-01-01,Donna Thomas,"contains_no_loan_bucket_rows,margin_outlier,roi_outlier",-14.001836,-1.109939,2,,
2025-01-01,Donna Thompson,contains_no_loan_bucket_rows,,,1,,
2025-01-01,Donna Torres,contains_no_loan_bucket_rows,,,2,,
2025-01-01,Donna Williams,"contains_no_loan_bucket_rows,margin_outlier,roi_outlier",63.47201,-0.130958,24,,
2025-01-01,Donna Young,"contains_no_loan_bucket_rows,margin_outlier",-58.895941,,5,,
2025-01-01,Elizabeth Allen,"contains_no_loan_bucket_rows,margin_outlier",-1.967535,,2,,
2025-01-01,Elizabeth Brown,"contains_no_loan_bucket_rows,margin_outlier,roi_outlier",-95.401306,-0.256145,13,,
2025-01-01,Elizabeth Davis,contains_no_loan_bucket_rows,,,1,,
2025-01-01,Elizabeth Gonzalez,"contains_no_loan_bucket_rows,margin_outlier,roi_outlier",-13.318211,-0.204688,32,,
2025-01-01,Elizabeth Harris,"contains_no_loan_bucket_rows,margin_outlier",-56.445786,,8,,
2025-01-01,Elizabeth Jackson,"contains_no_loan_bucket_rows,margin_outlier,roi_outlier",-2.06231,-2.095328,6,,
2025-01-01,Elizabeth Jones,contains_no_loan_bucket_rows,,,1,,
2025-01-01,Elizabeth Lee,"contains_no_loan_bucket_rows,margin_outlier,roi_outlier",1.169644,-0.179641,2,,
2025-01-01,Elizabeth Lopez,contains_no_loan_bucket_rows,,,2,,
2025-01-01,Elizabeth Martin,"contains_no_loan_bucket_rows,margin_outlier",-4.790502,,2,,
2025-01-01,Elizabeth Martinez,"contains_no_loan_bucket_rows,margin_outlier",1.228308,,12,,
2025-01-01,Elizabeth Moore,"contains_no_loan_bucket_rows,margin_outlier,roi_outlier",5.723981,-0.019739,7,,
2025-01-01,Elizabeth Nguyen,contains_no_loan_bucket_rows,,,1,,
2025-01-01,Elizabeth Perez,"contains_no_loan_bucket_rows,margin_outlier",-0.799868,,1,,
2025-01-01,Elizabeth Ramirez,"contains_no_loan_bucket_rows,margin_outlier,roi_outlier",-6.925466,-0.401387,4,,
2025-01-01,Elizabeth Robinson,"contains_no_loan_bucket_rows,margin_outlier,roi_outlier",-8.678273,-0.433185,2,,
2025-01-01,Elizabeth Sanchez,"contains_no_loan_bucket_rows,margin_outlier",-26.27183,,2,,
2025-01-01,Elizabeth Scott,"contains_no_loan_bucket_rows,margin_outlier",1.22772,,5,,
2025-01-01,Elizabeth Smith,"contains_no_loan_bucket_rows,margin_outlier",-17.848563,,1,,
2025-01-01,Elizabeth Taylor,"contains_no_loan_bucket_rows,margin_outlier,roi_outlier",-51.415446,-1.937123,8,,
2025-01-01,Elizabeth Thomas,"contains_no_loan_bucket_rows,margin_outlier,roi_outlier",-62.717667,-0.538365,6,,
2025-01-01,Elizabeth Thompson,"contains_no_loan_bucket_rows,margin_outlier",-101.45446,,6,,
2025-01-01,Elizabeth Torres,"contains_no_loan_bucket_rows,margin_outlier,roi_outlier",-22.737109,-0.842012,13,,
2025-01-01,Elizabeth Walker,"contains_no_loan_bucket_rows,margin_outlier,roi_outlier",-22.680271,-2.763921,12,,
2025-01-01,Elizabeth White,"contains_no_loan_bucket_rows,margin_outlier",-506.390511,,29,,
2025-01-01,Elizabeth Williams,"contains_no_loan_bucket_rows,margin_outlier",20.714767,,3,,
2025-01-01,Emily Brown,"contains_no_loan_bucket_rows,margin_outlier",-39.08254,,3,,
2025-01-01,Emily Clark,contains_no_loan_bucket_rows,,,4,,
2025-01-01,Emily Davis,"contains_no_loan_bucket_rows,margin_outlier",-185.143616,,10,,
2025-01-01,Emily Flores,"contains_no_loan_bucket_rows,margin_outlier",-476.475238,,6,,
2025-01-01,Emily Garcia,"contains_no_loan_bucket_rows,margin_outlier",-67.620872,,2,,
2025-01-01,Emily Jones,"contains_no_loan_bucket_rows,margin_outlier",-17.08255,,15,,
2025-01-01,Emily King,contains_no_loan_bucket_rows,,,1,,
2025-01-01,Emily Lewis,"contains_no_loan_bucket_rows,margin_outlier",-195.33141,,5,,
2025-01-01,Emily Lopez,contains_no_loan_bucket_rows,,,1,,
2025-01-01,Emily Martin,contains_no_loan_bucket_rows,,,2,,
2025-01-01,Emily Miller,contains_no_loan_bucket_rows,,,1,,
2025-01-01,Emily Moore,"contains_no_loan_bucket_rows,margin_outlier,roi_outlier",-42.965756,-0.164225,12,,
2025-01-01,Emily Nguyen,"contains_no_loan_bucket_rows,margin_outlier",-13.761706,,1,,
2025-01-01,Emily Perez,"contains_no_loan_bucket_rows,margin_outlier,roi_outlier",-14.868372,-1.04261,4,,
2025-01-01,Emily Ramirez,"contains_no_loan_bucket_rows,margin_outlier",-35.675555,,11,,
2025-01-01,Emily Smith,"contains_no_loan_bucket_rows,margin_outlier",1.3153,,4,,
2025-01-01,Emily Taylor,"contains_no_loan_bucket_rows,margin_outlier",-23.677559,,2,,
2025-01-01,Emily Torres,"contains_no_loan_bucket_rows,margin_outlier,roi_outlier",-50.15007,-0.247658,25,,
2025-01-01,Emily Walker,"contains_no_loan_bucket_rows,margin_outlier,roi_outlier",-170.372743,-0.475642,13,,
2025-01-01,Emily White,"contains_no_loan_bucket_rows,margin_outlier,roi_outlier",-59.681235,-0.209695,9,,
2025-01-01,Emily Wright,contains_no_loan_bucket_rows,,,1,,
2025-01-01,James Brown,"contains_no_loan_bucket_rows,margin_outlier",6.414649,,2,,
2025-01-01,James Clark,"contains_no_loan_bucket_rows,margin_outlier",-36.644938,,7,,
2025-01-01,James Davis,contains_no_loan_bucket_rows,,,2,,
2025-01-01,James Flores,"contains_no_loan_bucket_rows,margin_outlier",-1.194736,,4,,
2025-01-01,James Garcia,"contains_no_loan_bucket_rows,margin_outlier,roi_outlier",1.335919,-0.355101,36,,
2025-01-01,James Harris,"contains_no_loan_bucket_rows,margin_outlier",-409.637712,,5,,
2025-01-01,James Jackson,"contains_no_loan_bucket_rows,margin_outlier,roi_outlier",-11.703855,-0.615101,5,,
2025-01-01,James Johnson,"contains_no_loan_bucket_rows,margin_outlier,roi_outlier",-11.622034,-0.262605,2,,
2025-01-01,"James King,Lisa Lewis","contains_no_loan_bucket_rows,margin_outlier,roi_outlier",-1.81837,-0.119264,1,,
2025-01-01,James Lopez,"contains_no_loan_bucket_rows,margin_outlier,roi_outlier",-7.173776,-1.518902,48,,
2025-01-01,James Martinez,"contains_no_loan_bucket_rows,margin_outlier,roi_outlier",-24.203652,-0.20044,10,,
2025-01-01,James Miller,"contains_no_loan_bucket_rows,margin_outlier",9.465267,,19,,
2025-01-01,James Nguyen,"contains_no_loan_bucket_rows,margin_outlier",-487.651553,,4,,
2025-01-01,James Robinson,"contains_no_loan_bucket_rows,margin_outlier,roi_outlier",-63.078002,-0.105275,29,,
2025-01-01,James Rodriguez,"contains_no_loan_bucket_rows,margin_outlier",-13.493408,,2,,
2025-01-01,James Sanchez,"contains_no_loan_bucket_rows,margin_outlier,roi_outlier",-6.105953,-0.175296,22,,
2025-01-01,James Taylor,"contains_no_loan_bucket_rows,margin_outlier,roi_outlier",-24.087736,-0.332897,10,,
2025-01-01,James White,margin_outlier,-5.679173,,0,,
2025-01-01,James Wilson,"contains_no_loan_bucket_rows,margin_outlier,roi_outlier",-32.768526,-0.103707,2,,
2025-01-01,James Wright,"contains_no_loan_bucket_rows,margin_outlier",-17.071428,,4,,
2025-01-01,Jennifer Allen,"contains_no_loan_bucket_rows,margin_outlier",-27.189725,,3,,
2025-01-01,Jennifer Anderson,"contains_no_loan_bucket_rows,margin_outlier,roi_outlier",8.271007,-0.052635,6,,
2025-01-01,Jennifer Clark,"contains_no_loan_bucket_rows,margin_outlier",1.227891,,14,,
2025-01-01,Jennifer Davis,contains_no_loan_bucket_rows,,,1,,
2025-01-01,Jennifer Flores,"contains_no_loan_bucket_rows,margin_outlier",44.877602,0.11257,11,,
2025-01-01,Jennifer Gonzalez,"contains_no_loan_bucket_rows,margin_outlier",60.877679,,19,,
2025-01-01,Jennifer Harris,contains_no_loan_bucket_rows,,,1,,
2025-01-01,Jennifer Hill,"contains_no_loan_bucket_rows,margin_outlier,roi_outlier",-17.806694,-0.243391,14,,
2025-01-01,Jennifer Jackson,"contains_no_loan_bucket_rows,roi_outlier",0.535663,-0.388773,13,,
2025-01-01,Jennifer Johnson,"contains_no_loan_bucket_rows,margin_outlier",-56.71346,,4,,
2025-01-01,Jennifer Jones,"contains_no_loan_bucket_rows,margin_outlier,roi_outlier",-55.761618,-0.675088,6,,
2025-01-01,Jennifer Martin,"contains_no_loan_bucket_rows,margin_outlier",-2.629096,,2,,
2025-01-01,Jennifer Miller,contains_no_loan_bucket_rows,,,1,,
2025-01-01,Jennifer Perez,"contains_no_loan_bucket_rows,margin_outlier",-147.143439,,5,,
2025-01-01,Jennifer Scott,"contains_no_loan_bucket_rows,margin_outlier,roi_outlier",-3.25629,-0.498002,1,,
2025-01-01,Jennifer Thomas,"contains_no_loan_bucket_rows,margin_outlier,roi_outlier",-75.391287,-0.292348,19,,
2025-01-01,Jennifer Torres,"contains_no_loan_bucket_rows,margin_outlier",-9.495878,,2,,
2025-01-01,Jennifer Wilson,"contains_no_loan_bucket_rows,margin_outlier",-112.634974,,8,,
2025-01-01,Jennifer Young,"contains_no_loan_bucket_rows,margin_outlier",-36.426141,,5,,
2025-01-01,Jessica Allen,"contains_no_loan_bucket_rows,margin_outlier,roi_outlier",-38.759307,-0.276628,17,,
2025-01-01,Jessica Clark,"contains_no_loan_bucket_rows,margin_outlier,roi_outlier",-80.258704,-0.125253,2,,
2025-01-01,Jessica Davis,"contains_no_loan_bucket_rows,margin_outlier,roi_outlier",-33.212439,-0.143479,3,,
2025-01-01,Jessica Hernandez,contains_no_loan_bucket_rows,,,3,,
2025-01-01,Jessica Lee,"contains_no_loan_bucket_rows,margin_outlier,roi_outlier",-5.24651,-0.57845,5,,
2025-01-01,Jessica Lewis,"contains_no_loan_bucket_rows,margin_outlier,roi_outlier",-25.671262,-0.587746,22,,
2025-01-01,Jessica Lopez,"contains_no_loan_bucket_rows,margin_outlier",1.241062,,6,,
2025-01-01,Jessica Martin,"contains_no_loan_bucket_rows,margin_outlier,roi_outlier",-140.942283,-0.208771,19,,
2025-01-01,Jessica Martinez,"contains_no_loan_bucket_rows,margin_outlier,roi_outlier",-1.520408,-0.277201,8,,
2025-01-01,Jessica Perez,"contains_no_loan_bucket_rows,margin_outlier,roi_outlier",-1.677189,-0.033678,9,,
2025-01-01,Jessica Ramirez,"contains_no_loan_bucket_rows,margin_outlier,roi_outlier",-1.255832,-1.28406,13,,
2025-01-01,Jessica Rodriguez,"contains_no_loan_bucket_rows,margin_outlier,roi_outlier",-4.306664,-2.266171,1,,
2025-01-01,Jessica Sanchez,"contains_no_loan_bucket_rows,margin_outlier,roi_outlier",-58.387532,-0.364669,14,,
2025-01-01,Jessica Scott,"contains_no_loan_bucket_rows,margin_outlier,roi_outlier",-26.146596,-0.129423,8,,
2025-01-01,Jessica Smith,"contains_no_loan_bucket_rows,margin_outlier",1.225106,,3,,
2025-01-01,Jessica Taylor,"contains_no_loan_bucket_rows,margin_outlier,roi_outlier",0.902885,-0.616382,34,,
2025-01-01,Jessica Thomas,"contains_no_loan_bucket_rows,margin_outlier",-62.862444,,18,,
2025-01-01,Jessica Thompson,"contains_no_loan_bucket_rows,margin_outlier",-269.886561,,10,,
2025-01-01,Jessica Torres,"contains_no_loan_bucket_rows,margin_outlier",1.132125,,4,,
2025-01-01,Jessica White,"contains_no_loan_bucket_rows,roi_outlier",0.692243,-0.173376,28,,
2025-01-01,Jessica Williams,contains_no_loan_bucket_rows,,,1,,
2025-01-01,Jessica Wilson,"contains_no_loan_bucket_rows,margin_outlier",-2.043163,,2,,
2025-01-01,Jessica Young,"contains_no_loan_bucket_rows,margin_outlier",-174.925086,,4,,
2025-01-01,John Anderson,"contains_no_loan_bucket_rows,margin_outlier,roi_outlier",-33.33428,-0.926137,6,,
2025-01-01,John Brown,"contains_no_loan_bucket_rows,margin_outlier,roi_outlier",-14.961734,-0.326954,1,,
2025-01-01,John Davis,contains_no_loan_bucket_rows,,,2,,
2025-01-01,John Flores,"contains_no_loan_bucket_rows,margin_outlier",-30.637567,,10,,
2025-01-01,John Harris,contains_no_loan_bucket_rows,,,1,,
2025-01-01,John Hill,"contains_no_loan_bucket_rows,margin_outlier",-4.485263,,5,,
2025-01-01,John Jackson,"contains_no_loan_bucket_rows,margin_outlier",-52.641486,,3,,
2025-01-01,John Jones,"contains_no_loan_bucket_rows,margin_outlier,roi_outlier",-2.56796,-0.235175,2,,
2025-01-01,John Lee,"contains_no_loan_bucket_rows,margin_outlier",-146.387178,,16,,
2025-01-01,John Lewis,contains_no_loan_bucket_rows,,,6,,
2025-01-01,John Martin,"contains_no_loan_bucket_rows,margin_outlier",1.237635,,4,,
2025-01-01,John Miller,"contains_no_loan_bucket_rows,margin_outlier,roi_outlier",1.323467,-1.034972,7,,
2025-01-01,John Moore,"contains_no_loan_bucket_rows,margin_outlier",-1.257318,,3,,
2025-01-01,John Sanchez,contains_no_loan_bucket_rows,,,1,,
2025-01-01,John Taylor,"contains_no_loan_bucket_rows,margin_outlier,roi_outlier",1.303606,-0.46703,14,,
2025-01-01,John Thomas,"contains_no_loan_bucket_rows,margin_outlier,roi_outlier",-3.451775,-0.538346,10,,
2025-01-01,John White,"contains_no_loan_bucket_rows,margin_outlier,roi_outlier",-50.301194,-0.066515,6,,
2025-01-01,John Williams,"contains_no_loan_bucket_rows,margin_outlier,roi_outlier",-15.919144,-0.442083,12,,
2025-01-01,John Wilson,"contains_no_loan_bucket_rows,margin_outlier",-1614.936521,,9,,
2025-01-01,John Wright,contains_no_loan_bucket_rows,,,2,,
2025-01-01,Joseph Allen,"contains_no_loan_bucket_rows,margin_outlier",-78.778895,,5,,
2025-01-01,Joseph Anderson,"contains_no_loan_bucket_rows,margin_outlier,roi_outlier",-121.425302,-0.377878,14,,
2025-01-01,Joseph Flores,"contains_no_loan_bucket_rows,margin_outlier",-1.885855,,1,,
2025-01-01,Joseph Garcia,"contains_no_loan_bucket_rows,margin_outlier",-16.295948,,2,,
2025-01-01,Joseph Gonzalez,"contains_no_loan_bucket_rows,margin_outlier",-35.047522,,9,,
2025-01-01,Joseph Harris,"contains_no_loan_bucket_rows,margin_outlier,roi_outlier",-2.629809,-0.197868,7,,
2025-01-01,Joseph Hill,"contains_no_loan_bucket_rows,margin_outlier,roi_outlier",-72.1815,-0.066631,9,,
2025-01-01,Joseph Jackson,"contains_no_loan_bucket_rows,margin_outlier",1.389274,,7,,
2025-01-01,Joseph Martinez,contains_no_loan_bucket_rows,,,1,,
2025-01-01,Joseph Moore,"contains_no_loan_bucket_rows,margin_outlier",-8.281164,,1,,
2025-01-01,Joseph Nguyen,contains_no_loan_bucket_rows,,,1,,
2025-01-01,Joseph Perez,contains_no_loan_bucket_rows,,,1,,
2025-01-01,Joseph Ramirez,"contains_no_loan_bucket_rows,margin_outlier,roi_outlier",-63.364284,-2.209182,8,,
2025-01-01,Joseph Rodriguez,"contains_no_loan_bucket_rows,margin_outlier",-46.481558,,23,,
2025-01-01,Joseph Sanchez,contains_no_loan_bucket_rows,,,1,,
2025-01-01,Joseph Scott,"contains_no_loan_bucket_rows,margin_outlier",-20.491137,,2,,
2025-01-01,Joseph Smith,"contains_no_loan_bucket_rows,margin_outlier,roi_outlier",-13.854282,-0.092753,9,,
2025-01-01,Joseph Thomas,"contains_no_loan_bucket_rows,margin_outlier,roi_outlier",-10.095458,-0.032181,13,,
2025-01-01,Joseph Thompson,"contains_no_loan_bucket_rows,margin_outlier,roi_outlier",-15.2662,-2.839027,7,,
2025-01-01,Joseph White,"contains_no_loan_bucket_rows,margin_outlier,roi_outlier",-11.384606,-0.353518,9,,
2025-01-01,Joseph Wright,contains_no_loan_bucket_rows,,,2,,
2025-01-01,Joseph Young,contains_no_loan_bucket_rows,,,1,,
2025-01-01,Joshua Allen,"contains_no_loan_bucket_rows,margin_outlier",-20.153544,,20,,
2025-01-01,Joshua Anderson,"contains_no_loan_bucket_rows,margin_outlier",-14.587087,,10,,
2025-01-01,Joshua Brown,"contains_no_loan_bucket_rows,margin_outlier",-30.050494,,3,,
2025-01-01,Joshua Davis,contains_no_loan_bucket_rows,,,1,,
2025-01-01,Joshua Garcia,"contains_no_loan_bucket_rows,margin_outlier,roi_outlier",-17.020064,-5.032723,12,,
2025-01-01,Joshua Gonzalez,"contains_no_loan_bucket_rows,margin_outlier",-52.9386,,11,,
2025-01-01,Joshua Hernandez,"contains_no_loan_bucket_rows,margin_outlier",-17.873874,,6,,
2025-01-01,Joshua Jackson,contains_no_loan_bucket_rows,,,2,,
2025-01-01,Joshua Johnson,"contains_no_loan_bucket_rows,margin_outlier",5.741865,,3,,
2025-01-01,Joshua Jones,"contains_no_loan_bucket_rows,margin_outlier,roi_outlier",-32.517127,-0.117337,3,,
2025-01-01,Joshua King,"contains_no_loan_bucket_rows,margin_outlier,roi_outlier",-89.687209,-0.023774,14,,
2025-01-01,Joshua Lee,"contains_no_loan_bucket_rows,margin_outlier",-9.732432,,1,,
2025-01-01,Joshua Lewis,"contains_no_loan_bucket_rows,margin_outlier",-89.05928,,10,,
2025-01-01,Joshua Lopez,"contains_no_loan_bucket_rows,margin_outlier",-103.026768,,5,,
2025-01-01,Joshua Moore,"contains_no_loan_bucket_rows,margin_outlier,roi_outlier",1.445268,-0.051347,7,,
2025-01-01,Joshua Perez,"contains_no_loan_bucket_rows,margin_outlier",1120.09698,0.008624,16,,
2025-01-01,Joshua Ramirez,"contains_no_loan_bucket_rows,margin_outlier,roi_outlier",-31.453494,-2.000029,11,,
2025-01-01,Joshua Rodriguez,"contains_no_loan_bucket_rows,margin_outlier",-7.215552,,5,,
2025-01-01,Joshua Scott,"contains_no_loan_bucket_rows,margin_outlier",-60.568355,,3,,
2025-01-01,Joshua Smith,"contains_no_loan_bucket_rows,margin_outlier,roi_outlier",-0.939419,-0.100333,11,,
2025-01-01,Joshua Taylor,"contains_no_loan_bucket_rows,margin_outlier,roi_outlier",-20.395655,-0.112166,10,,
2025-01-01,Joshua Thompson,"contains_no_loan_bucket_rows,margin_outlier",12.116243,,2,,
2025-01-01,Joshua Torres,"contains_no_loan_bucket_rows,margin_outlier",-92.275016,,1,,
2025-01-01,Joshua Williams,contains_no_loan_bucket_rows,,,1,,
2025-01-01,Joshua Wilson,"contains_no_loan_bucket_rows,margin_outlier",48.083819,,10,,
2025-01-01,Joshua Wright,"contains_no_loan_bucket_rows,roi_outlier",-0.478005,-0.216877,6,,
2025-01-01,Joshua Young,"contains_no_loan_bucket_rows,margin_outlier",-2.196514,,6,,
2025-01-01,Karen Allen,"contains_no_loan_bucket_rows,margin_outlier,roi_outlier",-75.127028,-0.046876,7,,
2025-01-01,Karen Clark,"contains_no_loan_bucket_rows,margin_outlier",-360.558837,,20,,
2025-01-01,Karen Hernandez,"contains_no_loan_bucket_rows,margin_outlier",-0.99744,,3,,
2025-01-01,Karen Hill,"contains_no_loan_bucket_rows,margin_outlier",1.228298,,5,,
2025-01-01,Karen King,"contains_no_loan_bucket_rows,margin_outlier,roi_outlier",-4.470297,-0.245475,7,,
2025-01-01,Karen Lopez,contains_no_loan_bucket_rows,0.701453,,2,,
2025-01-01,Karen Martin,"contains_no_loan_bucket_rows,margin_outlier",-33.654917,,21,,
2025-01-01,Karen Perez,"contains_no_loan_bucket_rows,margin_outlier",224.245424,,3,,
2025-01-01,Karen Ramirez,contains_no_loan_bucket_rows,,,1,,
2025-01-01,Karen Sanchez,"contains_no_loan_bucket_rows,margin_outlier,roi_outlier",-125.334459,-0.547001,8,,
2025-01-01,Karen Taylor,"contains_no_loan_bucket_rows,margin_outlier,roi_outlier",1.298808,-0.090917,42,,
2025-01-01,Karen Thomas,"contains_no_loan_bucket_rows,margin_outlier,roi_outlier",-966.405914,-0.018293,48,,
2025-01-01,Karen Thompson,"contains_no_loan_bucket_rows,margin_outlier",1.338582,,7,,
2025-01-01,Karen Walker,"contains_no_loan_bucket_rows,margin_outlier",-53.251166,,13,,
2025-01-01,Karen White,"contains_no_loan_bucket_rows,margin_outlier,roi_outlier",-21.094051,-0.245049,5,,
2025-01-01,Karen Williams,"contains_no_loan_bucket_rows,margin_outlier,roi_outlier",-25.403651,-0.365455,6,,
2025-01-01,Kimberly Davis,contains_no_loan_bucket_rows,,,1,,
2025-01-01,Kimberly Flores,"contains_no_loan_bucket_rows,margin_outlier",-3.15783,,16,,
2025-01-01,Kimberly Garcia,"contains_no_loan_bucket_rows,margin_outlier",-245.472311,,18,,
2025-01-01,Kimberly Hernandez,"contains_no_loan_bucket_rows,margin_outlier,roi_outlier",1.316756,-0.442722,18,,
2025-01-01,Kimberly Johnson,"contains_no_loan_bucket_rows,margin_outlier",-104.232484,,26,,
2025-01-01,Kimberly King,"contains_no_loan_bucket_rows,margin_outlier",-23.619636,,2,,
2025-01-01,Kimberly Lee,"margin_outlier,roi_outlier",-2.414239,-1.893369,0,,
2025-01-01,Kimberly Martin,"contains_no_loan_bucket_rows,margin_outlier",-72.902382,,3,,
2025-01-01,Kimberly Miller,"contains_no_loan_bucket_rows,margin_outlier,roi_outlier",-10.926467,-0.437228,10,,
2025-01-01,Kimberly Nguyen,"margin_outlier,roi_outlier",-5.003778,-0.278375,0,,
2025-01-01,Kimberly Perez,"contains_no_loan_bucket_rows,margin_outlier,roi_outlier",-14.378438,-0.306062,16,,
2025-01-01,Kimberly Ramirez,"contains_no_loan_bucket_rows,margin_outlier",-2.251994,,2,,
2025-01-01,Kimberly Robinson,"contains_no_loan_bucket_rows,margin_outlier,roi_outlier",-1834.320405,-0.022801,3,,
2025-01-01,Kimberly Rodriguez,"contains_no_loan_bucket_rows,margin_outlier",-33.956438,,3,,
2025-01-01,Kimberly Sanchez,"contains_no_loan_bucket_rows,roi_outlier",-0.379207,-0.328142,1,,
2025-01-01,Kimberly Scott,"contains_no_loan_bucket_rows,margin_outlier",-7.660166,,1,,
2025-01-01,Kimberly Smith,"contains_no_loan_bucket_rows,margin_outlier",-14.653933,,5,,
2025-01-01,Kimberly Taylor,"contains_no_loan_bucket_rows,margin_outlier,roi_outlier",-18.127569,-0.271214,19,,
2025-01-01,Kimberly Thomas,"contains_no_loan_bucket_rows,margin_outlier",-5.894527,,2,,
2025-01-01,Kimberly Wilson,"contains_no_loan_bucket_rows,margin_outlier",9.942676,,6,,
2025-01-01,Kimberly Wright,"contains_no_loan_bucket_rows,margin_outlier,roi_outlier",-950.151937,-0.285397,76,,
2025-01-01,Kimberly Young,"contains_no_loan_bucket_rows,margin_outlier,roi_outlier",-62.251373,-0.176555,29,,
2025-01-01,Linda Allen,contains_no_loan_bucket_rows,,,1,,
2025-01-01,Linda Anderson,"contains_no_loan_bucket_rows,margin_outlier",-0.675566,,2,,
2025-01-01,Linda Clark,"contains_no_loan_bucket_rows,margin_outlier",-2.035731,,7,,
2025-01-01,Linda Flores,contains_no_loan_bucket_rows,,,2,,
2025-01-01,Linda Garcia,"contains_no_loan_bucket_rows,margin_outlier",-3.42207,,2,,
2025-01-01,Linda Hernandez,"contains_no_loan_bucket_rows,margin_outlier",7.260448,1.268792,8,,
2025-01-01,Linda Hill,"contains_no_loan_bucket_rows,margin_outlier,roi_outlier",-8.623617,-0.194261,5,,
2025-01-01,Linda Jones,"contains_no_loan_bucket_rows,margin_outlier",-9.503591,,3,,
2025-01-01,Linda King,"contains_no_loan_bucket_rows,margin_outlier,roi_outlier",-423.153194,-0.49871,475,,
2025-01-01,Linda Martin,"contains_no_loan_bucket_rows,margin_outlier",47.241875,,1,,
2025-01-01,Linda Martinez,"contains_no_loan_bucket_rows,margin_outlier",-3.54143,,4,,
2025-01-01,Linda Moore,"contains_no_loan_bucket_rows,margin_outlier",1.262948,,1,,
2025-01-01,Linda Nguyen,"contains_no_loan_bucket_rows,margin_outlier,roi_outlier",-4.87368,-0.155822,5,,
2025-01-01,Linda Perez,"contains_no_loan_bucket_rows,margin_outlier,roi_outlier",-18.847849,-0.353903,9,,
2025-01-01,Linda Ramirez,"contains_no_loan_bucket_rows,margin_outlier,roi_outlier",-46.277225,-0.25096,6,,
2025-01-01,Linda Robinson,contains_no_loan_bucket_rows,,,1,,
2025-01-01,Linda Sanchez,"contains_no_loan_bucket_rows,margin_outlier",-20.988156,,2,,
2025-01-01,Linda Scott,"contains_no_loan_bucket_rows,margin_outlier,roi_outlier",-26.96935,-0.304461,5,,
2025-01-01,Linda Thomas,"contains_no_loan_bucket_rows,margin_outlier",-39.964468,,1,,
2025-01-01,Linda Thompson,"contains_no_loan_bucket_rows,margin_outlier",-46.914046,,1,,
2025-01-01,Linda Torres,"contains_no_loan_bucket_rows,margin_outlier,roi_outlier",-10.365094,-0.27515,23,,
2025-01-01,Linda Walker,"contains_no_loan_bucket_rows,margin_outlier,roi_outlier",-141.738457,-0.174105,61,,
2025-01-01,Linda Wilson,"contains_no_loan_bucket_rows,margin_outlier",-88.727596,,14,,
2025-01-01,Linda Wright,"contains_no_loan_bucket_rows,roi_outlier",-0.310772,-0.531434,13,,
2025-01-01,Lisa Allen,"contains_no_loan_bucket_rows,margin_outlier",-12.043434,,7,,
2025-01-01,Lisa Anderson,"contains_no_loan_bucket_rows,margin_outlier",-11.095214,,4,,
2025-01-01,Lisa Brown,"contains_no_loan_bucket_rows,margin_outlier,roi_outlier",-5.571304,-0.061445,16,,
2025-01-01,Lisa Clark,"contains_no_loan_bucket_rows,margin_outlier",-7.315536,,4,,
2025-01-01,Lisa Davis,contains_no_loan_bucket_rows,,,4,,
2025-01-01,Lisa Garcia,contains_no_loan_bucket_rows,,,1,,
2025-01-01,Lisa Hernandez,"contains_no_loan_bucket_rows,margin_outlier,roi_outlier",-88.841903,-0.173482,16,,
2025-01-01,Lisa Hill,contains_no_loan_bucket_rows,0.421825,,1,,
2025-01-01,Lisa Jackson,"contains_no_loan_bucket_rows,margin_outlier",-67.763616,,10,,
2025-01-01,Lisa King,"contains_no_loan_bucket_rows,margin_outlier",1.251022,,16,,
2025-01-01,Lisa Lopez,"contains_no_loan_bucket_rows,margin_outlier,roi_outlier",-36.189267,-0.184683,11,,
2025-01-01,Lisa Martin,"contains_no_loan_bucket_rows,margin_outlier",-4.428341,,2,,
2025-01-01,Lisa Miller,"contains_no_loan_bucket_rows,margin_outlier",-26.164134,,6,,
2025-01-01,Lisa Ramirez,"contains_no_loan_bucket_rows,margin_outlier",-19.37806,,5,,
2025-01-01,Lisa Rodriguez,"contains_no_loan_bucket_rows,margin_outlier",-243.553886,,7,,
2025-01-01,Lisa Sanchez,contains_no_loan_bucket_rows,,,2,,
2025-01-01,Lisa Taylor,"contains_no_loan_bucket_rows,margin_outlier,roi_outlier",-30.217907,-0.218946,33,,
2025-01-01,Lisa Thomas,"contains_no_loan_bucket_rows,margin_outlier",-0.882826,,6,,
2025-01-01,Lisa Torres,"contains_no_loan_bucket_rows,margin_outlier,roi_outlier",-14.381184,-0.47329,16,,
2025-01-01,Lisa Wilson,contains_no_loan_bucket_rows,,,1,,
2025-01-01,Lisa Wright,"contains_no_loan_bucket_rows,margin_outlier",-32.779988,,27,,
2025-01-01,Lisa Young,"contains_no_loan_bucket_rows,margin_outlier",3.253261,,1,,
2025-01-01,Margaret Allen,"contains_no_loan_bucket_rows,margin_outlier",-355.080853,,43,,
2025-01-01,Margaret Clark,"contains_no_loan_bucket_rows,margin_outlier",-23.549081,,4,,
2025-01-01,Margaret Davis,"contains_no_loan_bucket_rows,margin_outlier,roi_outlier",-11.57863,-1.821453,2,,
2025-01-01,Margaret Garcia,"contains_no_loan_bucket_rows,margin_outlier,roi_outlier",-729.596297,-0.072699,72,,
2025-01-01,Margaret Hill,"contains_no_loan_bucket_rows,margin_outlier",-25.06709,,5,,
2025-01-01,"Margaret Hill,Lisa Williams",contains_no_loan_bucket_rows,,,1,,
2025-01-01,Margaret Jackson,"contains_no_loan_bucket_rows,margin_outlier,roi_outlier",-16.908012,-1.878902,1,,
2025-01-01,Margaret Lewis,"contains_no_loan_bucket_rows,margin_outlier,roi_outlier",-24.356949,-0.191731,10,,
2025-01-01,Margaret Martin,"contains_no_loan_bucket_rows,margin_outlier,roi_outlier",1.408725,-0.528484,13,,
2025-01-01,Margaret Martinez,"contains_no_loan_bucket_rows,margin_outlier",636.374093,0.159741,17,,
2025-01-01,Margaret Perez,"contains_no_loan_bucket_rows,margin_outlier",-1.172352,,4,,
2025-01-01,Margaret Rodriguez,"contains_no_loan_bucket_rows,margin_outlier,roi_outlier",-104.64453,-0.228527,2,,
2025-01-01,Margaret Sanchez,"contains_no_loan_bucket_rows,margin_outlier",-36.282162,,11,,
2025-01-01,Margaret Scott,"contains_no_loan_bucket_rows,margin_outlier",1.559879,,19,,
2025-01-01,Margaret Taylor,"contains_no_loan_bucket_rows,margin_outlier",-14.170221,,3,,
2025-01-01,Margaret Thompson,contains_no_loan_bucket_rows,,,2,,
2025-01-01,Margaret Walker,"contains_no_loan_bucket_rows,margin_outlier",-5.269943,,1,,
2025-01-01,Margaret Wilson,"contains_no_loan_bucket_rows,roi_outlier",-0.302773,-0.222518,4,,
2025-01-01,Margaret Young,"contains_no_loan_bucket_rows,margin_outlier,roi_outlier",-44.817104,-0.126368,18,,
2025-01-01,Mark Anderson,contains_no_loan_bucket_rows,,,1,,
2025-01-01,Mark Clark,contains_no_loan_bucket_rows,,,1,,
2025-01-01,Mark Gonzalez,contains_no_loan_bucket_rows,,,1,,
2025-01-01,Mark Harris,"contains_no_loan_bucket_rows,margin_outlier,roi_outlier",-11.072215,-0.456053,9,,
2025-01-01,Mark Jones,"contains_no_loan_bucket_rows,margin_outlier",-21.932093,,12,,
2025-01-01,Mark King,"contains_no_loan_bucket_rows,margin_outlier,roi_outlier",-4.734479,-1.427707,29,,
2025-01-01,Mark Lewis,"contains_no_loan_bucket_rows,margin_outlier,roi_outlier",-16.302769,-0.656732,2,,
2025-01-01,Mark Martin,contains_no_loan_bucket_rows,,,1,,
2025-01-01,Mark Moore,contains_no_loan_bucket_rows,,,1,,
2025-01-01,Mark Ramirez,contains_no_loan_bucket_rows,,,3,,
2025-01-01,Mark Robinson,"contains_no_loan_bucket_rows,margin_outlier",-28.4647,,2,,
2025-01-01,Mark Rodriguez,"contains_no_loan_bucket_rows,margin_outlier",-1.71885,,1,,
2025-01-01,Mark Sanchez,"contains_no_loan_bucket_rows,margin_outlier",46.009638,,3,,
2025-01-01,Mark Smith,"contains_no_loan_bucket_rows,margin_outlier,roi_outlier",-927.305373,-0.052114,66,,
2025-01-01,Mark Taylor,"contains_no_loan_bucket_rows,margin_outlier,roi_outlier",-117.582286,-0.121149,5,,
2025-01-01,Mark Thomas,contains_no_loan_bucket_rows,,,1,,
2025-01-01,Mark Thompson,"contains_no_loan_bucket_rows,margin_outlier",-7.49584,,1,,
2025-01-01,Mark Torres,"contains_no_loan_bucket_rows,margin_outlier,roi_outlier",-319.017748,-0.156431,36,,
2025-01-01,Mark Walker,"contains_no_loan_bucket_rows,margin_outlier,roi_outlier",-32.459493,-0.633659,20,,
2025-01-01,Mark White,"contains_no_loan_bucket_rows,margin_outlier",-64.058859,,13,,
2025-01-01,Mark Wilson,contains_no_loan_bucket_rows,,,1,,
2025-01-01,Mark Wright,"contains_no_loan_bucket_rows,margin_outlier,roi_outlier",-8.772428,-0.802861,22,,
2025-01-01,Mark Young,"contains_no_loan_bucket_rows,margin_outlier",73.476542,,12,,
2025-01-01,Mary Clark,"contains_no_loan_bucket_rows,margin_outlier",-156.265829,,36,,
2025-01-01,Mary Davis,"contains_no_loan_bucket_rows,margin_outlier,roi_outlier",-4.524874,-0.324285,2,,
2025-01-01,Mary Flores,"contains_no_loan_bucket_rows,margin_outlier",12.227245,,5,,
2025-01-01,Mary Garcia,"contains_no_loan_bucket_rows,margin_outlier,roi_outlier",-0.703653,-0.716537,18,,
2025-01-01,Mary Gonzalez,contains_no_loan_bucket_rows,,,1,,
2025-01-01,Mary Harris,contains_no_loan_bucket_rows,,,1,,
2025-01-01,Mary Hernandez,contains_no_loan_bucket_rows,,,1,,
2025-01-01,Mary Jackson,contains_no_loan_bucket_rows,,,2,,
2025-01-01,Mary Jones,"contains_no_loan_bucket_rows,margin_outlier",-11.841794,,25,,
2025-01-01,Mary Lee,"contains_no_loan_bucket_rows,margin_outlier",244.372819,,3,,
2025-01-01,Mary Nguyen,contains_no_loan_bucket_rows,-0.352297,,7,,
2025-01-01,Mary Robinson,contains_no_loan_bucket_rows,,,3,,
2025-01-01,Mary Rodriguez,"contains_no_loan_bucket_rows,margin_outlier,roi_outlier",-6.3333,-0.321476,16,,
2025-01-01,Mary Scott,"contains_no_loan_bucket_rows,margin_outlier",-0.969375,,5,,
2025-01-01,Mary Taylor,"contains_no_loan_bucket_rows,margin_outlier,roi_outlier",1.665216,-0.444406,1,,
2025-01-01,Mary Thompson,"contains_no_loan_bucket_rows,margin_outlier,roi_outlier",-7.707551,-0.18381,10,,
2025-01-01,Matthew Allen,"contains_no_loan_bucket_rows,margin_outlier",-15.221888,,5,,
2025-01-01,Matthew Clark,contains_no_loan_bucket_rows,,,1,,
2025-01-01,Matthew Flores,contains_no_loan_bucket_rows,,,1,,
2025-01-01,Matthew Garcia,"contains_no_loan_bucket_rows,margin_outlier",-749.157599,,8,,
2025-01-01,Matthew Gonzalez,contains_no_loan_bucket_rows,,,1,,
2025-01-01,Matthew Hernandez,"contains_no_loan_bucket_rows,margin_outlier",-918.248863,,7,,
2025-01-01,Matthew Hill,"contains_no_loan_bucket_rows,margin_outlier",-2046.173723,,6,,
2025-01-01,Matthew Jackson,"contains_no_loan_bucket_rows,margin_outlier,roi_outlier",-138.447911,-0.913726,87,,
2025-01-01,Matthew Jones,"contains_no_loan_bucket_rows,margin_outlier",-179.669059,,2,,
2025-01-01,Matthew King,"contains_no_loan_bucket_rows,margin_outlier,roi_outlier",-95.070928,-0.089274,14,,
2025-01-01,Matthew Lee,contains_no_loan_bucket_rows,,,1,,
2025-01-01,Matthew Lewis,"contains_no_loan_bucket_rows,margin_outlier",-6.01262,,3,,
2025-01-01,Matthew Martin,"contains_no_loan_bucket_rows,margin_outlier",-7.342419,,5,,
2025-01-01,Matthew Moore,"contains_no_loan_bucket_rows,margin_outlier,roi_outlier",-85.67949,-0.032619,63,,
2025-01-01,Matthew Perez,"contains_no_loan_bucket_rows,margin_outlier,roi_outlier",-6.115766,-0.139176,7,,
2025-01-01,Matthew Ramirez,contains_no_loan_bucket_rows,,,1,,
2025-01-01,Matthew Robinson,"contains_no_loan_bucket_rows,margin_outlier,roi_outlier",1.23719,-0.46455,11,,
2025-01-01,Matthew Sanchez,contains_no_loan_bucket_rows,,,1,,
2025-01-01,Matthew Smith,"contains_no_loan_bucket_rows,margin_outlier,roi_outlier",-4.631396,-2.003914,11,,
2025-01-01,Matthew Thomas,"contains_no_loan_bucket_rows,margin_outlier,roi_outlier",-20.556053,-7.539408,13,,
2025-01-01,Matthew Thompson,"contains_no_loan_bucket_rows,margin_outlier,roi_outlier",-8.924472,-0.461561,6,,
2025-01-01,Matthew Torres,"contains_no_loan_bucket_rows,margin_outlier",-1.252186,,1,,
2025-01-01,Matthew White,"contains_no_loan_bucket_rows,margin_outlier,roi_outlier",-20.334894,-0.209321,19,,
2025-01-01,Matthew Williams,"contains_no_loan_bucket_rows,margin_outlier",1.324616,,16,,
2025-01-01,Matthew Wilson,"contains_no_loan_bucket_rows,margin_outlier,roi_outlier",2.204503,-4.025638,2,,
2025-01-01,Michael Allen,contains_no_loan_bucket_rows,,,1,,
2025-01-01,Michael Davis,"contains_no_loan_bucket_rows,margin_outlier,roi_outlier",-35.915153,-0.174466,3,,
2025-01-01,Michael Flores,"contains_no_loan_bucket_rows,margin_outlier,roi_outlier",-21.037356,-0.742837,5,,
2025-01-01,Michael Gonzalez,"contains_no_loan_bucket_rows,margin_outlier",-7.335894,,10,,
2025-01-01,Michael Harris,"contains_no_loan_bucket_rows,margin_outlier",-7.372708,,1,,
2025-01-01,Michael Hernandez,"contains_no_loan_bucket_rows,margin_outlier,roi_outlier",-48.891036,-0.048604,2,,
2025-01-01,Michael Jackson,"contains_no_loan_bucket_rows,margin_outlier,roi_outlier",-27.540132,-0.385773,13,,
2025-01-01,Michael Johnson,"contains_no_loan_bucket_rows,margin_outlier",-260.833868,,7,,
2025-01-01,Michael King,"contains_no_loan_bucket_rows,margin_outlier,roi_outlier",-53.509406,-0.439129,4,,
2025-01-01,Michael Lewis,"contains_no_loan_bucket_rows,margin_outlier,roi_outlier",-76.641805,-1.022875,22,,
2025-01-01,Michael Martin,contains_no_loan_bucket_rows,,,1,,
2025-01-01,Michael Martinez,contains_no_loan_bucket_rows,,,1,,
2025-01-01,Michael Moore,"contains_no_loan_bucket_rows,margin_outlier",-4.803314,,2,,
2025-01-01,Michael Nguyen,"contains_no_loan_bucket_rows,margin_outlier",-66.260707,,6,,
2025-01-01,Michael Ramirez,"contains_no_loan_bucket_rows,margin_outlier",-58.049988,,4,,
2025-01-01,Michael Rodriguez,"contains_no_loan_bucket_rows,margin_outlier",-4.210472,,5,,
2025-01-01,Michael Scott,"contains_no_loan_bucket_rows,margin_outlier",-26.762128,,7,,
2025-01-01,Michael Smith,"contains_no_loan_bucket_rows,margin_outlier,roi_outlier",-4.939482,-0.159954,11,,
2025-01-01,Michael Taylor,"contains_no_loan_bucket_rows,margin_outlier,roi_outlier",-92.744506,-0.807706,13,,
2025-01-01,Michael White,"contains_no_loan_bucket_rows,margin_outlier",-141.009089,,6,,
2025-01-01,Michael Wilson,"contains_no_loan_bucket_rows,margin_outlier",-7.618877,,5,,
2025-01-01,Michael Wright,"contains_no_loan_bucket_rows,margin_outlier",-48.141712,,7,,
2025-01-01,Michelle Brown,contains_no_loan_bucket_rows,,,1,,
2025-01-01,Michelle Clark,"contains_no_loan_bucket_rows,margin_outlier,roi_outlier",-18.182129,-0.09594,6,,
2025-01-01,Michelle Davis,"contains_no_loan_bucket_rows,margin_outlier",-103.379326,,4,,
2025-01-01,Michelle Garcia,"contains_no_loan_bucket_rows,margin_outlier",-21.681294,,8,,
2025-01-01,Michelle Gonzalez,contains_no_loan_bucket_rows,,,2,,
2025-01-01,Michelle Harris,"contains_no_loan_bucket_rows,margin_outlier",-2.689814,,1,,
2025-01-01,Michelle Hernandez,"contains_no_loan_bucket_rows,margin_outlier,roi_outlier",1.533398,-0.226908,5,,
2025-01-01,Michelle Jackson,"contains_no_loan_bucket_rows,margin_outlier,roi_outlier",-41.317577,-0.345147,11,,
2025-01-01,Michelle Lee,"contains_no_loan_bucket_rows,margin_outlier",-83.901359,,6,,
2025-01-01,Michelle Lewis,"contains_no_loan_bucket_rows,margin_outlier,roi_outlier",-29.600008,-0.113716,9,,
2025-01-01,Michelle Lopez,contains_no_loan_bucket_rows,,,2,,
2025-01-01,Michelle Miller,"contains_no_loan_bucket_rows,margin_outlier,roi_outlier",-60.474682,-0.051788,13,,
2025-01-01,Michelle Moore,"contains_no_loan_bucket_rows,margin_outlier,roi_outlier",-22.794455,-0.04812,3,,
2025-01-01,Michelle Perez,contains_no_loan_bucket_rows,,,1,,
2025-01-01,Michelle Robinson,"contains_no_loan_bucket_rows,margin_outlier",-6.116598,,3,,
2025-01-01,Michelle Thomas,"contains_no_loan_bucket_rows,margin_outlier,roi_outlier",-2.26461,-0.812665,14,,
2025-01-01,Michelle Thompson,"contains_no_loan_bucket_rows,margin_outlier,roi_outlier",-96.549798,-0.571096,6,,
2025-01-01,Michelle Torres,"contains_no_loan_bucket_rows,margin_outlier,roi_outlier",-252.390626,-0.176735,372,,
2025-01-01,Michelle White,"contains_no_loan_bucket_rows,margin_outlier,roi_outlier",-1.237588,-0.138142,18,,
2025-01-01,Michelle Wilson,"contains_no_loan_bucket_rows,margin_outlier",-1.072595,,5,,
2025-01-01,Michelle Wright,contains_no_loan_bucket_rows,,,1,,
2025-01-01,Nancy Clark,"contains_no_loan_bucket_rows,margin_outlier",-218.953558,,5,,
2025-01-01,Nancy Garcia,"contains_no_loan_bucket_rows,margin_outlier",-4.983086,,5,,
2025-01-01,Nancy Hernandez,"contains_no_loan_bucket_rows,margin_outlier",-8.787158,,1,,
2025-01-01,Nancy Hill,"contains_no_loan_bucket_rows,margin_outlier",177.181778,,8,,
2025-01-01,Nancy Jackson,"contains_no_loan_bucket_rows,margin_outlier",-7.871328,,5,,
2025-01-01,Nancy King,"contains_no_loan_bucket_rows,margin_outlier",1.373063,,1,,
2025-01-01,Nancy Lewis,contains_no_loan_bucket_rows,,,2,,
2025-01-01,Nancy Lopez,"contains_no_loan_bucket_rows,margin_outlier",-21.471804,,2,,
2025-01-01,Nancy Moore,"contains_no_loan_bucket_rows,margin_outlier",-4.879372,,4,,
2025-01-01,Nancy Perez,"contains_no_loan_bucket_rows,margin_outlier,roi_outlier",1.200956,-0.459911,1,,
2025-01-01,Nancy Sanchez,"contains_no_loan_bucket_rows,margin_outlier,roi_outlier",-85.726749,-0.756614,20,,
2025-01-01,Nancy Scott,contains_no_loan_bucket_rows,,,1,,
2025-01-01,Nancy Taylor,"contains_no_loan_bucket_rows,margin_outlier",-24.414567,,3,,
2025-01-01,Nancy Thomas,"contains_no_loan_bucket_rows,margin_outlier",-39.976088,,1,,
2025-01-01,Nancy Thompson,"contains_no_loan_bucket_rows,margin_outlier,roi_outlier",-204.539483,-0.248987,2,,
2025-01-01,Nancy Torres,"contains_no_loan_bucket_rows,margin_outlier",4.060471,,4,,
2025-01-01,Nancy White,"contains_no_loan_bucket_rows,margin_outlier",-178.603285,,15,,
2025-01-01,Nancy Wilson,"contains_no_loan_bucket_rows,margin_outlier,roi_outlier",-42.570227,-0.251068,3,,
2025-01-01,Nancy Wright,contains_no_loan_bucket_rows,,,2,,
2025-01-01,Nancy Young,"contains_no_loan_bucket_rows,margin_outlier,roi_outlier",-66.161139,-0.015028,12,,
2025-01-01,Patricia Allen,"contains_no_loan_bucket_rows,margin_outlier,roi_outlier",-9.625505,-0.095753,9,,
2025-01-01,Patricia Davis,"contains_no_loan_bucket_rows,margin_outlier,roi_outlier",-76.121577,-0.125274,13,,
2025-01-01,Patricia Flores,"contains_no_loan_bucket_rows,margin_outlier,roi_outlier",-167.35548,-0.240663,86,,
2025-01-01,Patricia Harris,"contains_no_loan_bucket_rows,margin_outlier",-31.356777,,4,,
2025-01-01,Patricia Johnson,"contains_no_loan_bucket_rows,margin_outlier",-13.829,,2,,
2025-01-01,Patricia Lopez,contains_no_loan_bucket_rows,,,2,,
2025-01-01,Patricia Martinez,"contains_no_loan_bucket_rows,margin_outlier,roi_outlier",-125.612911,-0.58999,50,,
2025-01-01,Patricia Nguyen,"contains_no_loan_bucket_rows,margin_outlier",-98.946212,,4,,
2025-01-01,Patricia Ramirez,contains_no_loan_bucket_rows,,,1,,
2025-01-01,Patricia Rodriguez,contains_no_loan_bucket_rows,0.864114,,2,,
2025-01-01,Patricia Scott,"contains_no_loan_bucket_rows,margin_outlier,roi_outlier",-79.996322,-0.032762,11,,
2025-01-01,Patricia Smith,"margin_outlier,roi_outlier",-1.450122,-0.48654,0,,
2025-01-01,Patricia Thompson,contains_no_loan_bucket_rows,,,2,,
2025-01-01,Patricia White,"contains_no_loan_bucket_rows,margin_outlier,roi_outlier",-36.636726,-0.468284,24,,
2025-01-01,Patricia Wright,contains_no_loan_bucket_rows,,,3,,
2025-01-01,Patricia Young,contains_no_loan_bucket_rows,-0.449898,,1,,
2025-01-01,Paul Clark,contains_no_loan_bucket_rows,,,1,,
2025-01-01,Paul Davis,contains_no_loan_bucket_rows,,,1,,
2025-01-01,Paul Garcia,"contains_no_loan_bucket_rows,margin_outlier,roi_outlier",-44.474112,-0.290182,12,,
2025-01-01,Paul Hill,"contains_no_loan_bucket_rows,margin_outlier,roi_outlier",-2.343586,-0.50394,4,,
2025-01-01,Paul Jackson,"contains_no_loan_bucket_rows,margin_outlier",-48.8076,,3,,
2025-01-01,Paul Johnson,"contains_no_loan_bucket_rows,margin_outlier,roi_outlier",-450.624571,-0.0564,59,,
2025-01-01,Paul King,"contains_no_loan_bucket_rows,margin_outlier",-67.042916,,5,,
2025-01-01,Paul Lee,contains_no_loan_bucket_rows,,,1,,
2025-01-01,Paul Lewis,"contains_no_loan_bucket_rows,margin_outlier",-70.24347,,3,,
2025-01-01,Paul Martin,"contains_no_loan_bucket_rows,margin_outlier",-2.609482,,2,,
2025-01-01,Paul Miller,"contains_no_loan_bucket_rows,margin_outlier",-100.651543,,6,,
2025-01-01,Paul Nguyen,"contains_no_loan_bucket_rows,margin_outlier,roi_outlier",-34.305938,-0.248911,16,,
2025-01-01,Paul Perez,"contains_no_loan_bucket_rows,margin_outlier",-20.937342,,1,,
2025-01-01,Paul Robinson,contains_no_loan_bucket_rows,,,2,,
2025-01-01,Paul Rodriguez,"contains_no_loan_bucket_rows,roi_outlier",0.70605,-1.047464,4,,
2025-01-01,Paul Sanchez,"contains_no_loan_bucket_rows,margin_outlier",1.221842,,1,,
2025-01-01,Paul Taylor,"contains_no_loan_bucket_rows,margin_outlier,roi_outlier",-10.165347,-0.565962,17,,
2025-01-01,Paul Thomas,"contains_no_loan_bucket_rows,margin_outlier,roi_outlier",-204.038001,-0.028656,13,,
2025-01-01,Paul Torres,"contains_no_loan_bucket_rows,margin_outlier,roi_outlier",-23.971724,-7.210308,8,,
2025-01-01,Paul Walker,"contains_no_loan_bucket_rows,margin_outlier",-19.875302,,6,,
2025-01-01,Paul Williams,"contains_no_loan_bucket_rows,margin_outlier",1.311477,,3,,
2025-01-01,Paul Wright,"contains_no_loan_bucket_rows,margin_outlier,roi_outlier",-2.378859,-0.193296,2,,
2025-01-01,Richard Allen,"contains_no_loan_bucket_rows,margin_outlier,roi_outlier",-329.883025,-0.155181,29,,
2025-01-01,Richard Anderson,"contains_no_loan_bucket_rows,margin_outlier,roi_outlier",-3.880043,-0.068059,7,,
2025-01-01,Richard Brown,"contains_no_loan_bucket_rows,margin_outlier",-2.59246,,3,,
2025-01-01,Richard Gonzalez,contains_no_loan_bucket_rows,,,1,,
2025-01-01,Richard Harris,"contains_no_loan_bucket_rows,margin_outlier",-79.654795,,23,,
2025-01-01,Richard Hill,"contains_no_loan_bucket_rows,margin_outlier",-7.428685,,15,,
2025-01-01,Richard Jackson,"contains_no_loan_bucket_rows,margin_outlier",-104.820231,,29,,
2025-01-01,Richard Johnson,contains_no_loan_bucket_rows,,,1,,
2025-01-01,Richard Lewis,contains_no_loan_bucket_rows,,,2,,
2025-01-01,Richard Lopez,"contains_no_loan_bucket_rows,margin_outlier,roi_outlier",-50.411291,-1.577061,10,,
2025-01-01,Richard Martinez,"contains_no_loan_bucket_rows,margin_outlier,roi_outlier",-1135.420804,-0.024966,74,,
2025-01-01,Richard Miller,"contains_no_loan_bucket_rows,margin_outlier,roi_outlier",-205.729901,-0.223792,29,,
2025-01-01,Richard Moore,"contains_no_loan_bucket_rows,margin_outlier",-1.014889,,4,,
2025-01-01,Richard Ramirez,"contains_no_loan_bucket_rows,margin_outlier",-9.278843,,4,,
2025-01-01,Richard Robinson,contains_no_loan_bucket_rows,,,1,,
2025-01-01,Richard Rodriguez,contains_no_loan_bucket_rows,,,1,,
2025-01-01,Richard Sanchez,"contains_no_loan_bucket_rows,margin_outlier",-21.862497,,9,,
2025-01-01,Richard Scott,"contains_no_loan_bucket_rows,margin_outlier",1.430474,,3,,
2025-01-01,Richard Smith,"contains_no_loan_bucket_rows,margin_outlier",85.607179,,11,,
2025-01-01,Richard Thompson,"contains_no_loan_bucket_rows,margin_outlier,roi_outlier",-0.758559,-0.131033,36,,
2025-01-01,Richard Walker,"contains_no_loan_bucket_rows,margin_outlier",738.613057,0.53863,103,,
2025-01-01,Richard White,"contains_no_loan_bucket_rows,margin_outlier,roi_outlier",-17.862887,-0.073867,6,,
2025-01-01,Richard Wright,"contains_no_loan_bucket_rows,margin_outlier,roi_outlier",-78.040357,-0.068956,8,,
2025-01-01,Richard Young,"contains_no_loan_bucket_rows,margin_outlier,roi_outlier",-17.491801,-3.350993,14,,
2025-01-01,Robert Allen,"contains_no_loan_bucket_rows,margin_outlier",9.882875,,4,,
2025-01-01,Robert Anderson,contains_no_loan_bucket_rows,,,2,,
2025-01-01,Robert Clark,"contains_no_loan_bucket_rows,margin_outlier,roi_outlier",1.365249,-0.595842,5,,
2025-01-01,Robert Garcia,contains_no_loan_bucket_rows,,,2,,
2025-01-01,Robert Gonzalez,"contains_no_loan_bucket_rows,margin_outlier",-39.334497,,3,,
2025-01-01,Robert Jackson,"contains_no_loan_bucket_rows,margin_outlier,roi_outlier",1.153657,-0.170673,8,,
2025-01-01,Robert Jones,"contains_no_loan_bucket_rows,margin_outlier,roi_outlier",-29.088763,-0.112634,12,,
2025-01-01,Robert King,"contains_no_loan_bucket_rows,margin_outlier",1.173686,,4,,
2025-01-01,Robert Lopez,"contains_no_loan_bucket_rows,margin_outlier",-42.643429,,10,,
2025-01-01,Robert Miller,"contains_no_loan_bucket_rows,margin_outlier",-171.586914,,12,,
2025-01-01,Robert Moore,"contains_no_loan_bucket_rows,margin_outlier",37.401687,0.256951,9,,
2025-01-01,Robert Perez,"contains_no_loan_bucket_rows,margin_outlier",23.720393,,8,,
2025-01-01,Robert Rodriguez,"contains_no_loan_bucket_rows,margin_outlier,roi_outlier",-1.296052,-1.484813,1,,
2025-01-01,Robert Sanchez,"contains_no_loan_bucket_rows,margin_outlier,roi_outlier",-21.692484,-0.294,1,,
2025-01-01,Robert Scott,"contains_no_loan_bucket_rows,margin_outlier",-208.435589,,3,,
2025-01-01,Robert Taylor,"contains_no_loan_bucket_rows,margin_outlier",1.114555,,1,,
2025-01-01,Robert Thomas,contains_no_loan_bucket_rows,,,1,,
2025-01-01,Robert Thompson,"contains_no_loan_bucket_rows,margin_outlier,roi_outlier",-3.299541,-0.073697,8,,
2025-01-01,Robert Torres,"contains_no_loan_bucket_rows,margin_outlier",1.292174,,6,,
2025-01-01,Robert Walker,margin_outlier,-20.77259,,0,,
2025-01-01,Robert White,"contains_no_loan_bucket_rows,margin_outlier",8.737438,,7,,
2025-01-01,Robert Young,"contains_no_loan_bucket_rows,margin_outlier",-4.783511,,5,,
2025-01-01,Sandra Allen,"contains_no_loan_bucket_rows,margin_outlier,roi_outlier",-62.752408,-0.125051,24,,
2025-01-01,Sandra Anderson,"contains_no_loan_bucket_rows,margin_outlier,roi_outlier",-5.611163,-0.389648,5,,
2025-01-01,Sandra Brown,contains_no_loan_bucket_rows,,,1,,
2025-01-01,Sandra Clark,contains_no_loan_bucket_rows,,,1,,
2025-01-01,Sandra Flores,"contains_no_loan_bucket_rows,margin_outlier",-36.385855,,3,,
2025-01-01,Sandra Jackson,"contains_no_loan_bucket_rows,margin_outlier,roi_outlier",-86.543598,-0.162667,13,,
2025-01-01,Sandra Lewis,contains_no_loan_bucket_rows,,,1,,
2025-01-01,Sandra Lopez,contains_no_loan_bucket_rows,,,2,,
2025-01-01,Sandra Martin,contains_no_loan_bucket_rows,0.790747,,11,,
2025-01-01,Sandra Martinez,"contains_no_loan_bucket_rows,margin_outlier,roi_outlier",-56.282873,-0.200016,19,,
2025-01-01,Sandra Moore,"contains_no_loan_bucket_rows,margin_outlier",-4.93705,,2,,
2025-01-01,Sandra Nguyen,"contains_no_loan_bucket_rows,margin_outlier",1.050518,,3,,
2025-01-01,Sandra Ramirez,contains_no_loan_bucket_rows,,,1,,
2025-01-01,Sandra Robinson,"contains_no_loan_bucket_rows,margin_outlier,roi_outlier",-50.982117,-0.466226,62,,
2025-01-01,Sandra Rodriguez,"contains_no_loan_bucket_rows,margin_outlier,roi_outlier",-29.754715,-0.190388,9,,
2025-01-01,Sandra Sanchez,"contains_no_loan_bucket_rows,margin_outlier,roi_outlier",-333.242454,-0.106799,7,,
2025-01-01,Sandra Scott,contains_no_loan_bucket_rows,,,2,,
2025-01-01,Sandra Taylor,"contains_no_loan_bucket_rows,margin_outlier",10.49352,,11,,
2025-01-01,Sandra Wilson,"contains_no_loan_bucket_rows,margin_outlier",-725.851169,,37,,
2025-01-01,Sandra Wright,"contains_no_loan_bucket_rows,margin_outlier",10.820356,,7,,
2025-01-01,Sarah Allen,"contains_no_loan_bucket_rows,margin_outlier",-6.75547,,3,,
2025-01-01,Sarah Anderson,"contains_no_loan_bucket_rows,margin_outlier,roi_outlier",-25.276225,-0.143051,5,,
2025-01-01,Sarah Brown,"contains_no_loan_bucket_rows,margin_outlier,roi_outlier",-166.413654,-0.228927,41,,
2025-01-01,Sarah Davis,"contains_no_loan_bucket_rows,margin_outlier",-1.031832,,5,,
2025-01-01,Sarah Flores,contains_no_loan_bucket_rows,,,2,,
2025-01-01,Sarah Garcia,contains_no_loan_bucket_rows,,,1,,
2025-01-01,Sarah Gonzalez,"contains_no_loan_bucket_rows,margin_outlier,roi_outlier",1.412294,-0.938594,8,,
2025-01-01,Sarah Harris,"contains_no_loan_bucket_rows,margin_outlier,roi_outlier",-61.001119,-0.190867,10,,
2025-01-01,Sarah King,"contains_no_loan_bucket_rows,margin_outlier,roi_outlier",-59.52008,-0.371312,50,,
2025-01-01,Sarah Lee,"contains_no_loan_bucket_rows,margin_outlier,roi_outlier",-93.651895,-0.046536,8,,
2025-01-01,Sarah Lewis,"contains_no_loan_bucket_rows,margin_outlier",1.155937,,6,,
2025-01-01,Sarah Lopez,"contains_no_loan_bucket_rows,margin_outlier",-50.979836,,5,,
2025-01-01,Sarah Martin,"contains_no_loan_bucket_rows,margin_outlier,roi_outlier",1.139017,-0.194769,3,,
2025-01-01,Sarah Miller,"contains_no_loan_bucket_rows,margin_outlier,roi_outlier",-9.666764,-3.665357,3,,
2025-01-01,Sarah Moore,"contains_no_loan_bucket_rows,margin_outlier",-53.793663,,7,,
2025-01-01,Sarah Nguyen,"contains_no_loan_bucket_rows,margin_outlier",1.206537,,6,,
2025-01-01,Sarah Robinson,"contains_no_loan_bucket_rows,margin_outlier",-259.750366,,4,,
2025-01-01,Sarah Rodriguez,contains_no_loan_bucket_rows,0.238992,,3,,
2025-01-01,Sarah Scott,contains_no_loan_bucket_rows,,,2,,
2025-01-01,Sarah Smith,contains_no_loan_bucket_rows,,,1,,
2025-01-01,Sarah Thomas,"contains_no_loan_bucket_rows,margin_outlier,roi_outlier",-171.169866,-0.250036,150,,
2025-01-01,Sarah Thompson,contains_no_loan_bucket_rows,,,3,,
2025-01-01,Sarah Wilson,"contains_no_loan_bucket_rows,margin_outlier,roi_outlier",-582.340629,-0.091335,58,,
2025-01-01,Sarah Wright,"contains_no_loan_bucket_rows,margin_outlier,roi_outlier",61.771348,-0.053367,25,,
2025-01-01,Steven Garcia,"contains_no_loan_bucket_rows,margin_outlier,roi_outlier",-25.169944,-0.190395,8,,
2025-01-01,Steven Harris,"contains_no_loan_bucket_rows,margin_outlier,roi_outlier",-12.850731,-0.053347,7,,
2025-01-01,Steven Hernandez,"contains_no_loan_bucket_rows,margin_outlier,roi_outlier",-58.27,-0.547933,3,,
2025-01-01,Steven Hill,"contains_no_loan_bucket_rows,margin_outlier,roi_outlier",1.456425,-0.072243,17,,
2025-01-01,Steven Jackson,"contains_no_loan_bucket_rows,margin_outlier,roi_outlier",-26.797276,-0.292088,14,,
2025-01-01,Steven King,"contains_no_loan_bucket_rows,margin_outlier",3922.941198,,7,,
2025-01-01,Steven Lee,"contains_no_loan_bucket_rows,margin_outlier",-861.828517,,12,,
2025-01-01,Steven Martin,"contains_no_loan_bucket_rows,margin_outlier",-65.244316,,2,,
2025-01-01,Steven Martinez,"contains_no_loan_bucket_rows,roi_outlier",-0.486685,-1.140717,2,,
2025-01-01,Steven Moore,"contains_no_loan_bucket_rows,margin_outlier,roi_outlier",1.304683,-0.38391,4,,
2025-01-01,Steven Nguyen,"contains_no_loan_bucket_rows,margin_outlier",-3.480837,,1,,
2025-01-01,Steven Ramirez,"contains_no_loan_bucket_rows,margin_outlier,roi_outlier",-6.798442,-0.84286,3,,
2025-01-01,Steven Robinson,"contains_no_loan_bucket_rows,margin_outlier",-7.748441,,4,,
2025-01-01,Steven Rodriguez,"contains_no_loan_bucket_rows,margin_outlier,roi_outlier",-18.639318,-0.086772,10,,
2025-01-01,Steven Taylor,"contains_no_loan_bucket_rows,margin_outlier",1.339123,,6,,
2025-01-01,Steven Walker,contains_no_loan_bucket_rows,,,1,,
2025-01-01,Steven Williams,"contains_no_loan_bucket_rows,margin_outlier,roi_outlier",-76.665287,-0.270132,4,,
2025-01-01,Steven Wilson,"contains_no_loan_bucket_rows,margin_outlier,roi_outlier",-387.739548,-0.442169,13,,
2025-01-01,Susan Allen,margin_outlier,-70.831588,,0,,
2025-01-01,Susan Brown,"contains_no_loan_bucket_rows,margin_outlier",-14.63884,,5,,
2025-01-01,Susan Garcia,"contains_no_loan_bucket_rows,margin_outlier",6.773956,,10,,
2025-01-01,Susan Gonzalez,"contains_no_loan_bucket_rows,margin_outlier,roi_outlier",-877.985063,-0.046629,10,,
2025-01-01,Susan Harris,"contains_no_loan_bucket_rows,margin_outlier",83.764673,0.067465,18,,
2025-01-01,Susan Hernandez,"contains_no_loan_bucket_rows,margin_outlier",-11.933181,,3,,
2025-01-01,Susan Hill,"contains_no_loan_bucket_rows,margin_outlier,roi_outlier",-42.865164,-0.349299,12,,
2025-01-01,Susan Jackson,"contains_no_loan_bucket_rows,margin_outlier,roi_outlier",-58.52231,-0.261153,1,,
2025-01-01,Susan Jones,"contains_no_loan_bucket_rows,margin_outlier",-11.614703,,8,,
2025-01-01,Susan Lopez,"contains_no_loan_bucket_rows,margin_outlier,roi_outlier",1.3221,-0.189671,16,,
2025-01-01,Susan Martin,contains_no_loan_bucket_rows,,,1,,
2025-01-01,Susan Martinez,contains_no_loan_bucket_rows,,,1,,
2025-01-01,Susan Miller,"contains_no_loan_bucket_rows,margin_outlier",-19.94318,,6,,
2025-01-01,Susan Moore,"contains_no_loan_bucket_rows,margin_outlier",-13.799148,,2,,
2025-01-01,Susan Nguyen,"contains_no_loan_bucket_rows,margin_outlier",-19.205367,,14,,
2025-01-01,Susan Perez,margin_outlier,-1.943749,,0,,
2025-01-01,Susan Ramirez,"contains_no_loan_bucket_rows,margin_outlier,roi_outlier",-11.620179,-0.510246,15,,
2025-01-01,Susan Rodriguez,"contains_no_loan_bucket_rows,margin_outlier,roi_outlier",-4.489732,-0.164221,1,,
2025-01-01,Susan Sanchez,"contains_no_loan_bucket_rows,margin_outlier",-108.98943,,9,,
2025-01-01,Susan Scott,contains_no_loan_bucket_rows,,,2,,
2025-01-01,Susan Smith,"contains_no_loan_bucket_rows,margin_outlier,roi_outlier",-16.951752,-0.492627,8,,
2025-01-01,Susan Torres,"contains_no_loan_bucket_rows,margin_outlier",-14.521256,,6,,
2025-01-01,Susan Walker,"contains_no_loan_bucket_rows,margin_outlier,roi_outlier",-18.449461,-0.936494,4,,
2025-01-01,Susan White,"contains_no_loan_bucket_rows,margin_outlier,roi_outlier",-1.540982,-0.387608,10,,
2025-01-01,Susan Williams,"contains_no_loan_bucket_rows,margin_outlier,roi_outlier",0.928345,-0.146252,3,,
2025-01-01,Susan Wilson,"contains_no_loan_bucket_rows,margin_outlier,roi_outlier",-69.102964,-0.273624,8,,
2025-01-01,Susan Young,"contains_no_loan_bucket_rows,margin_outlier",-6.480883,,10,,
2025-01-01,Thomas Allen,"contains_no_loan_bucket_rows,margin_outlier,roi_outlier",-41.859258,-0.468934,18,,
2025-01-01,Thomas Brown,"contains_no_loan_bucket_rows,margin_outlier",20.537059,,6,,
2025-01-01,Thomas Flores,"contains_no_loan_bucket_rows,margin_outlier",-4.565798,,6,,
2025-01-01,Thomas Garcia,"contains_no_loan_bucket_rows,roi_outlier",0.709889,-1.657382,3,,
2025-01-01,Thomas Gonzalez,"contains_no_loan_bucket_rows,margin_outlier",-19.326843,,18,,
2025-01-01,Thomas Harris,contains_no_loan_bucket_rows,,,2,,
2025-01-01,Thomas Hernandez,contains_no_loan_bucket_rows,,,1,,
2025-01-01,Thomas Hill,"contains_no_loan_bucket_rows,margin_outlier",21.430353,0.111595,11,,
2025-01-01,Thomas Johnson,"contains_no_loan_bucket_rows,margin_outlier,roi_outlier",-17.08677,-0.417618,22,,
2025-01-01,Thomas Lee,"contains_no_loan_bucket_rows,margin_outlier",-11.205367,,2,,
2025-01-01,Thomas Lopez,"contains_no_loan_bucket_rows,margin_outlier",35.546436,,8,,
2025-01-01,Thomas Miller,"contains_no_loan_bucket_rows,margin_outlier,roi_outlier",-4.133849,-0.214023,7,,
2025-01-01,Thomas Moore,"contains_no_loan_bucket_rows,margin_outlier,roi_outlier",-10.640271,-0.167006,43,,
2025-01-01,Thomas Nguyen,"contains_no_loan_bucket_rows,margin_outlier,roi_outlier",-44.99565,-0.819213,28,,
2025-01-01,Thomas Ramirez,"contains_no_loan_bucket_rows,margin_outlier",-0.803656,,1,,
2025-01-01,Thomas Robinson,"contains_no_loan_bucket_rows,margin_outlier,roi_outlier",-784.507748,-0.251849,56,,
2025-01-01,Thomas Scott,"contains_no_loan_bucket_rows,margin_outlier",-20.283973,,2,,
2025-01-01,Thomas Taylor,"contains_no_loan_bucket_rows,margin_outlier,roi_outlier",-281.614727,-0.091762,33,,
2025-01-01,Thomas Thomas,"contains_no_loan_bucket_rows,roi_outlier",-0.048111,-0.275416,3,,
2025-01-01,Thomas Thompson,contains_no_loan_bucket_rows,,,1,,
2025-01-01,Thomas White,"contains_no_loan_bucket_rows,margin_outlier,roi_outlier",33.140658,-0.277291,21,,
2025-01-01,Thomas Wilson,contains_no_loan_bucket_rows,,,1,,
2025-01-01,William Allen,"contains_no_loan_bucket_rows,margin_outlier",-360.996749,,18,,
2025-01-01,William Anderson,"contains_no_loan_bucket_rows,margin_outlier,roi_outlier",-27.900319,-1.081008,9,,
2025-01-01,William Davis,"contains_no_loan_bucket_rows,margin_outlier",-57.885113,,8,,
2025-01-01,William Flores,"contains_no_loan_bucket_rows,margin_outlier",-6.564818,,4,,
2025-01-01,William Gonzalez,contains_no_loan_bucket_rows,,,1,,
2025-01-01,William Hill,"contains_no_loan_bucket_rows,margin_outlier",-105.827615,,3,,
2025-01-01,William Jackson,"contains_no_loan_bucket_rows,margin_outlier",-14.459024,,5,,
2025-01-01,William Johnson,"contains_no_loan_bucket_rows,margin_outlier,roi_outlier",-8.984489,-0.143785,9,,
2025-01-01,William Jones,"contains_no_loan_bucket_rows,margin_outlier",4.58832,,3,,
2025-01-01,William Lee,"contains_no_loan_bucket_rows,margin_outlier,roi_outlier",-25.397803,-0.274292,14,,
2025-01-01,William Martinez,"contains_no_loan_bucket_rows,margin_outlier,roi_outlier",-110.692392,-0.211828,6,,
2025-01-01,William Nguyen,"contains_no_loan_bucket_rows,margin_outlier,roi_outlier",-31.886935,-0.801543,32,,
2025-01-01,William Perez,"contains_no_loan_bucket_rows,margin_outlier",-17.486129,,7,,
2025-01-01,William Robinson,"contains_no_loan_bucket_rows,margin_outlier",1.16554,,27,,
2025-01-01,William Rodriguez,"contains_no_loan_bucket_rows,margin_outlier",11.178266,,1,,
2025-01-01,William Smith,"contains_no_loan_bucket_rows,margin_outlier,roi_outlier",-1.527011,-0.335652,6,,
2025-01-01,William Thompson,"contains_no_loan_bucket_rows,margin_outlier,roi_outlier",-3.797466,-0.35559,6,,
2025-01-01,William Walker,"contains_no_loan_bucket_rows,margin_outlier",1.156162,,1,,
2025-01-01,William Wilson,"contains_no_loan_bucket_rows,margin_outlier,roi_outlier",-51.300044,-0.365501,6,,
2025-01-01,William Wright,"contains_no_loan_bucket_rows,margin_outlier",39.75603,,18,,
