bm_login_name_1,bm_login_name_2,bm_login_name_3,dm_login_name_1,login_bundle_id,rm_login_name_1,rm_login_name_2
Mark Anderson,Michelle Nguyen,Michelle Nguyen,Charles Miller,1,Daniel Hernandez,Michelle Nguyen
Karen Torres,Michelle Nguyen,Michelle Nguyen,James Wright,2,Matthew Jackson,Michelle Nguyen
Patricia Miller,Michelle Nguyen,Michelle Nguyen,Matthew Robinson,3,Matthew Robinson,Michelle Nguyen
Jessica Allen,Michelle Nguyen,Michelle Nguyen,Charles Gonzalez,4,Joseph Moore,Michelle Nguyen
Michelle Nguyen,Michelle Nguyen,Michelle Nguyen,Charles Miller,5,Daniel Walker,Michelle Nguyen
Margaret Gonzalez,Michelle Nguyen,Michelle Nguyen,Ashley Thomas,6,Karen Taylor,Michelle Nguyen
William Hernandez,Michelle Nguyen,Michelle Nguyen,Charles Miller,7,Daniel Hernandez,Michelle Nguyen
William Sanchez,Michelle Nguyen,Michelle Nguyen,William Sanchez,8,William Sanchez,Michelle Nguyen
Patricia Lewis,Michelle Nguyen,Michelle Nguyen,Steven Davis,9,Patricia Martinez,Michelle Nguyen
Patricia Garcia,Michelle Nguyen,Michelle Nguyen,Charles Miller,10,Lisa Brown,Michelle Nguyen
Jessica Sanchez,Steven Taylor,Michelle Nguyen,Charles Gonzalez,11,Joseph Moore,Michelle Nguyen
Mary Jones,Michelle Nguyen,Michelle Nguyen,Charles Gonzalez,12,Ashley Wilson,Michelle Nguyen
Donna Young,Michelle Nguyen,Michelle Nguyen,Steven Davis,13,Jennifer King,Michelle Nguyen
Betty Thompson,Michelle Nguyen,Michelle Nguyen,Charles Miller,14,Daniel Walker,Michelle Nguyen
Steven Davis,Michelle Nguyen,Michelle Nguyen,Steven Davis,15,Patricia Martinez,Michelle Nguyen
Paul Thompson,Michelle Nguyen,Michelle Nguyen,Patricia Lopez,16,Mark Jackson,Michelle Nguyen
John Lewis,Michelle Nguyen,Michelle Nguyen,Daniel Scott,17,John Lewis,Michelle Nguyen
Joshua Walker,David Lewis,Michelle Nguyen,Daniel Scott,18,John King,Christopher Martinez
Joshua Taylor,James Martin,Barbara Nguyen,Paul Garcia,19,Donna Thompson,Michelle Nguyen
Matthew Martin,Michelle Nguyen,Michelle Nguyen,Paul Garcia,20,Richard Anderson,Michelle Nguyen
Jessica Wilson,Michelle Nguyen,Michelle Nguyen,Patricia Lopez,21,Patricia Lopez,Michelle Nguyen
Michelle Nguyen,Michelle Nguyen,Michelle Nguyen,Barbara Williams,22,Barbara Williams,Michelle Nguyen
Michelle Nguyen,Michelle Nguyen,Michelle Nguyen,Kimberly Allen,23,Michelle Nguyen,Michelle Nguyen
Matthew White,Michelle Nguyen,Michelle Nguyen,Kimberly Allen,24,Michelle Nguyen,Michelle Nguyen
Paul Lee,Michelle Nguyen,Michelle Nguyen,Matthew Robinson,25,Matthew Robinson,Michelle Nguyen
Daniel Brown,Michelle Nguyen,Michelle Nguyen,Ashley Thomas,26,Karen Taylor,Michelle Nguyen
Lisa Lewis,Michelle Nguyen,Michelle Nguyen,Charles Miller,27,Linda Lewis,Michelle Nguyen
Margaret Sanchez,Michelle Nguyen,Michelle Nguyen,Charles Gonzalez,28,Ashley Wilson,Michelle Nguyen
Sarah Moore,Michelle Nguyen,Michelle Nguyen,Charles Gonzalez,29,Ashley Wilson,Michelle Nguyen
John Harris,Michelle Nguyen,Michelle Nguyen,William Sanchez,30,William Sanchez,Michelle Nguyen
Michael Jackson,Michelle Nguyen,Michelle Nguyen,Patricia Lopez,31,Elizabeth Wright,Michelle Nguyen
Michael Hernandez,Sarah Clark,Michelle Nguyen,Patricia Lopez,32,Elizabeth Wright,Michelle Nguyen
Emily Jones,Michelle Nguyen,Michelle Nguyen,Paul Garcia,33,Richard Anderson,Michelle Nguyen
Donna Johnson,Richard Jackson,Michelle Nguyen,Paul Garcia,34,Sarah Perez,Michelle Nguyen
Charles Garcia,Michelle Nguyen,Michelle Nguyen,Robert Flores,35,Susan Walker,Michelle Nguyen
Donna Martinez,Charles Hill,Michelle Nguyen,Robert Flores,36,Susan Walker,Michelle Nguyen
Patricia Jones,Michelle Nguyen,Michelle Nguyen,Robert Flores,37,Patricia Nguyen,Michelle Nguyen
Paul Martinez,Michelle Nguyen,Michelle Nguyen,Michelle Nguyen,38,Michelle Nguyen,Michelle Nguyen
Thomas Rodriguez,Michelle Nguyen,Michelle Nguyen,Michelle Nguyen,39,Thomas Rodriguez,Michelle Nguyen
Richard Johnson,Michelle Nguyen,Michelle Nguyen,Barbara Williams,40,Margaret White,Michelle Nguyen
Barbara Williams,Michelle Nguyen,Michelle Nguyen,Barbara Williams,41,Barbara Williams,Michelle Nguyen
Barbara Anderson,Michelle Nguyen,Michelle Nguyen,Barbara Williams,42,Barbara Williams,Michelle Nguyen
Anthony Smith,Patricia Nguyen,Michelle Nguyen,Robert Flores,43,Susan Walker,Michelle Nguyen
Nancy Miller,Michelle Nguyen,Michelle Nguyen,Patricia Lopez,44,Mark Jackson,Michelle Nguyen
Michelle Nguyen,Michelle Nguyen,Michelle Nguyen,Paul Garcia,45,Sarah Perez,Michelle Nguyen
Nancy Jackson,Michelle Nguyen,Michelle Nguyen,Paul Garcia,46,Jennifer Sanchez,Michelle Nguyen
Jessica Jones,Michelle Nguyen,Michelle Nguyen,Daniel Scott,47,Daniel Scott,Michelle Nguyen
Steven White,Michelle Nguyen,Michelle Nguyen,Paul Garcia,48,Paul Garcia,Michelle Nguyen
Kimberly Lopez,Michelle Nguyen,Michelle Nguyen,Daniel Scott,49,James Davis,Michelle Nguyen
Donald Torres,Michelle Nguyen,Michelle Nguyen,Robert Flores,50,Andrew Gonzalez,Michelle Nguyen
Daniel Lopez,Michelle Nguyen,Michelle Nguyen,Paul Garcia,51,Michelle Miller,Michelle Nguyen
Karen Scott,Michelle Nguyen,Michelle Nguyen,David Thomas,52,James Davis,Michelle Nguyen
Margaret Allen,Michelle Nguyen,Michelle Nguyen,Charles Miller,53,Linda Lewis,Michelle Nguyen
Patricia Walker,Michelle Nguyen,Michelle Nguyen,Paul Garcia,54,Patricia Walker,Michelle Nguyen
Ashley Johnson,Michelle Nguyen,Michelle Nguyen,Daniel Scott,55,Thomas Jackson,Michelle Nguyen
Barbara Smith,Michelle Nguyen,Michelle Nguyen,Daniel Scott,56,James Davis,Michelle Nguyen
John King,Christopher Martinez,Michelle Nguyen,Daniel Scott,57,John King,Christopher Martinez
Daniel Wright,Michelle Nguyen,Michelle Nguyen,Robert Flores,58,Susan Walker,Michelle Nguyen
Michelle Nguyen,Michelle Nguyen,Michelle Nguyen,Charles Miller,59,Lisa Brown,Michelle Nguyen
Charles Torres,Michelle Nguyen,Michelle Nguyen,Charles Miller,60,Lisa Thompson,Michelle Nguyen
Linda Wilson,Michelle Nguyen,Michelle Nguyen,Charles Miller,61,Linda Wilson,Michelle Nguyen
Elizabeth Rodriguez,Steven Taylor,Michelle Nguyen,Charles Gonzalez,62,Joseph Moore,Michelle Nguyen
Ashley Anderson,Michelle Nguyen,Michelle Nguyen,Charles Gonzalez,63,Ashley Wilson,Michelle Nguyen
Margaret Hill,Michelle Nguyen,Michelle Nguyen,Jessica Young,64,Anthony Nguyen,Michelle Nguyen
Mary White,Michelle Nguyen,Michelle Nguyen,Donna Rodriguez,65,Donna Rodriguez,Michelle Nguyen
Betty Thomas,Michelle Nguyen,Michelle Nguyen,Emily Moore,66,Emily Moore,Michelle Nguyen
David Jackson,Michelle Nguyen,Michelle Nguyen,Joshua Williams,67,Joshua Williams,Michelle Nguyen
Sarah Jackson,Michelle Nguyen,Michelle Nguyen,Joshua Williams,68,Sarah Jackson,Michelle Nguyen
Joshua Williams,Michelle Nguyen,Michelle Nguyen,Joshua Williams,69,Joshua Williams,Michelle Nguyen
John Thomas,Michelle Nguyen,Michelle Nguyen,Matthew Harris,70,Matthew Harris,John Thomas
Mark Anderson,Michelle Nguyen,Michelle Nguyen,Emily Moore,71,Emily Moore,Michelle Nguyen
Emily Moore,Michelle Nguyen,Michelle Nguyen,Emily Moore,72,Emily Moore,Michelle Nguyen
Barbara Walker,Michelle Nguyen,Donald Miller,Daniel Scott,73,Michael Clark,Michelle Nguyen
Barbara Johnson,Mary Wilson,Michelle Nguyen,Daniel Scott,74,Daniel Scott,Michelle Nguyen
Sandra Flores,Michelle Nguyen,Michelle Nguyen,Robert Flores,75,Susan Walker,Michelle Nguyen
Michelle Nguyen,Michelle Nguyen,Michelle Nguyen,Daniel Scott,76,James Davis,Michelle Nguyen
Anthony Scott,Michelle Nguyen,Michelle Nguyen,Paul Garcia,77,Paul Garcia,Michelle Nguyen
Donna Brown,Michelle Nguyen,Michelle Nguyen,Paul Garcia,78,Richard Anderson,Michelle Nguyen
Mary Wilson,Patricia Nguyen,Michelle Nguyen,Robert Flores,79,Susan Walker,Michelle Nguyen
Jessica Lewis,Michelle Nguyen,Michelle Nguyen,Daniel Scott,80,James Davis,Michelle Nguyen
Michelle Nguyen,Michelle Nguyen,Michelle Nguyen,Michelle Nguyen,81,Michelle Nguyen,Michelle Nguyen
Jessica Thomas,Michelle White,Michelle Nguyen,Patricia Lopez,82,Elizabeth Wright,Michelle Nguyen
Joseph Davis,Michelle Nguyen,Michelle Nguyen,Daniel Scott,83,Thomas Jackson,Michelle Nguyen
Margaret Ramirez,Michelle Nguyen,Michelle Nguyen,Linda Young,84,Ashley Moore,Michelle Nguyen
James Wright,Michelle Nguyen,Michelle Nguyen,Paul Garcia,85,Michelle Miller,Michelle Nguyen
Kimberly Allen,Michelle Nguyen,Michelle Nguyen,Paul Garcia,86,Jennifer Sanchez,Michelle Nguyen
James Flores,Andrew Johnson,Michelle Nguyen,Linda Young,87,Andrew Wright,Michelle Nguyen
Michelle Williams,Michelle Nguyen,Michelle Nguyen,Linda Young,88,Emily Miller,Michelle Nguyen
Michelle Nguyen,Michelle Nguyen,Michelle Nguyen,Matthew King,89,Susan Anderson,Michelle Nguyen
James Perez,Michelle Nguyen,Michelle Nguyen,Paul Garcia,90,Donna Thompson,Michelle Nguyen
Paul Hernandez,Michelle Nguyen,Michelle Nguyen,Michelle Nguyen,91,Michelle Nguyen,Michelle Nguyen
Joshua Brown,Michelle Nguyen,Michelle Nguyen,Charles Gonzalez,92,Ashley Wilson,Michelle Nguyen
Michelle Williams,Michelle Nguyen,Michelle Nguyen,Charles Gonzalez,93,Ashley Wilson,Michelle Nguyen
Donna Taylor,Michelle Nguyen,Michelle Nguyen,Matthew Robinson,94,Matthew Robinson,Michelle Nguyen
Michelle Nguyen,Michelle Nguyen,Michelle Nguyen,Charles Miller,95,Charles Miller,Michelle Nguyen
Michelle Nguyen,Michelle Nguyen,Michelle Nguyen,Matthew Robinson,96,Matthew Robinson,Michelle Nguyen
Michelle Clark,Michelle Nguyen,Michelle Nguyen,Ashley Thomas,97,Ashley Thomas,Michelle Nguyen
Emily Allen,Michelle Nguyen,Michelle Nguyen,Emily Allen,98,Emily Allen,Michelle Nguyen
Matthew Thomas,Michelle Nguyen,Michelle Nguyen,Matthew Thomas,99,Matthew Thomas,Michelle Nguyen
Christopher Clark,Michelle Nguyen,Michelle Nguyen,Ashley Thomas,100,Ashley Thomas,Michelle Nguyen
Michelle Nguyen,Michelle Nguyen,Michelle Nguyen,Ashley Thomas,101,Karen Taylor,Michelle Nguyen
Joseph Lopez,Michelle Nguyen,Michelle Nguyen,Charles Miller,102,Lisa Brown,Michelle Nguyen
Margaret Taylor,Michelle Nguyen,Michelle Nguyen,Matthew Robinson,103,Matthew Robinson,Michelle Nguyen
Robert Martin,Michelle Nguyen,Michelle Nguyen,Charles Miller,104,Daniel Hernandez,Michelle Nguyen
Susan Garcia,Michelle Nguyen,Michelle Nguyen,Charles Gonzalez,105,Joseph Moore,Michelle Nguyen
Donald Nguyen,Michelle Nguyen,Michelle Nguyen,Ashley Thomas,106,Karen Taylor,Michelle Nguyen
Lisa Davis,Michelle Nguyen,Michelle Nguyen,Patricia Lopez,107,Mark Jackson,Michelle Nguyen
Lisa Hill,Michelle Nguyen,Michelle Nguyen,Robert Flores,108,Lisa Hill,Michelle Nguyen
Donald Martin,Michelle Nguyen,Michelle Nguyen,Linda Young,109,Emily Miller,Michelle Nguyen
Margaret Williams,Michelle Nguyen,Michelle Nguyen,Robert Flores,110,Robert Flores,Michelle Nguyen
David Wilson,Kimberly Anderson,Michelle Nguyen,Paul Garcia,111,David Wilson,Michelle Nguyen
John Garcia,Michelle Nguyen,Michelle Nguyen,Matthew King,112,Lisa Thomas,Michelle Nguyen
John Anderson,Michelle Nguyen,Michelle Nguyen,Daniel Scott,113,John Martin,Michelle Nguyen
Joshua Jones,Michelle Nguyen,Michelle Nguyen,Michelle Nguyen,114,Joshua Jones,Michelle Nguyen
Jessica Lee,Michelle Nguyen,Michelle Nguyen,Michelle Nguyen,115,Charles Nguyen,Michelle Nguyen
Michelle Wilson,Michelle Nguyen,Michelle Nguyen,Michelle Nguyen,116,Charles Nguyen,Michelle Nguyen
Christopher Young,Michelle Nguyen,Michelle Nguyen,Paul Garcia,117,Sarah Perez,Michelle Nguyen
Sandra Sanchez,Michelle Nguyen,Michelle Nguyen,Linda Young,118,Emily Miller,Michelle Nguyen
Daniel Jackson,Michelle Nguyen,Michelle Nguyen,Patricia Lopez,119,Mark Jackson,Michelle Nguyen
Emily Young,Michelle Nguyen,Michelle Nguyen,Patricia Lopez,120,Robert Lewis,Michelle Nguyen
Charles Wright,Michelle Nguyen,Michelle Nguyen,Matthew King,121,Michelle Jones,Michelle Nguyen
David Martin,Kimberly Lopez,Michelle Nguyen,Robert Flores,122,Andrew Gonzalez,Michelle Nguyen
James Hill,Michelle Nguyen,Michelle Nguyen,Linda Young,123,Andrew Wright,Michelle Nguyen
Emily Sanchez,Michelle Nguyen,Michelle Nguyen,Daniel Scott,124,John Lewis,Michelle Nguyen
Matthew Jones,Michelle Nguyen,Michelle Nguyen,Patricia Lopez,125,Mark Jackson,Michelle Nguyen
Jessica Jones,Michelle Nguyen,Michelle Nguyen,Patricia Lopez,126,Mark Jackson,Michelle Nguyen
Kimberly Johnson,Michelle Nguyen,Michelle Nguyen,Patricia Lopez,127,Mark Jackson,Michelle Nguyen
David Moore,Michelle Nguyen,Michelle Nguyen,Robert Flores,128,John Williams,Michelle Nguyen
William Perez,Michelle Nguyen,Michelle Nguyen,Patricia Lopez,129,Patricia Lopez,Michelle Nguyen
John Torres,Mark Clark,Michelle Nguyen,Matthew King,130,Lisa Thomas,Michelle Nguyen
Emily Young,Michelle Nguyen,Michelle Nguyen,Robert Flores,131,John Williams,Michelle Nguyen
Betty Walker,Michelle Nguyen,Michelle Nguyen,Robert Flores,132,Robert Flores,Michelle Nguyen
Steven Johnson,Michelle Nguyen,Michelle Nguyen,Patricia Lopez,133,Elizabeth Wright,Michelle Nguyen
Patricia Anderson,Michelle Nguyen,Michelle Nguyen,Michelle Nguyen,134,Patricia Anderson,Michelle Nguyen
Michelle Nguyen,Michelle Nguyen,Michelle Nguyen,Michelle Nguyen,135,Andrew Scott,Michelle Nguyen
James Lopez,Michelle Nguyen,Michelle Nguyen,Michelle Nguyen,136,Patricia Anderson,Michelle Nguyen
Emily Ramirez,Michelle Nguyen,Michelle Nguyen,Michelle Nguyen,137,Patricia Anderson,Michelle Nguyen
Michelle Nguyen,Michelle Nguyen,Michelle Nguyen,Michelle Nguyen,138,Susan Taylor,Michelle Nguyen
Joshua Lopez,Michelle Nguyen,Michelle Nguyen,Michelle Nguyen,139,Patricia Anderson,Michelle Nguyen
Michelle Harris,Michelle Nguyen,Michelle Nguyen,Michelle Nguyen,140,Michelle Nguyen,Michelle Nguyen
Joshua Jones,Michelle Nguyen,Michelle Nguyen,Michelle Nguyen,141,Michelle Nguyen,Michelle Nguyen
Patricia Rodriguez,Michelle Nguyen,Michelle Nguyen,Patricia Rodriguez,142,Patricia Rodriguez,Michelle Nguyen
Michelle Nguyen,Michelle Nguyen,Michelle Nguyen,Charles Gonzalez,143,Karen Moore,Michelle Nguyen
Michelle Nguyen,Michelle Nguyen,Michelle Nguyen,Ashley Thomas,144,Ashley Thomas,Michelle Nguyen
Matthew Miller,Michelle Nguyen,Michelle Nguyen,Charles Miller,145,Lisa Brown,Michelle Nguyen
Linda Johnson,Michelle Nguyen,Michelle Nguyen,Matthew Robinson,146,Matthew Robinson,Michelle Nguyen
Paul Davis,Michelle Nguyen,Michelle Nguyen,James Wright,147,Linda Allen,Michelle Nguyen
Mary Martinez,Michelle Nguyen,Michelle Nguyen,Charles Miller,148,Daniel Walker,Michelle Nguyen
Daniel Thompson,Steven Taylor,Michelle Nguyen,Charles Gonzalez,149,Joseph Moore,Michelle Nguyen
Michelle Nguyen,Michelle Nguyen,Michelle Nguyen,William Sanchez,150,William Sanchez,Michelle Nguyen
Nancy Lee,Michelle Nguyen,Michelle Nguyen,Charles Miller,151,Linda Wilson,Michelle Nguyen
Nancy Perez,Michelle Nguyen,Michelle Nguyen,James Wright,152,Linda Allen,Michelle Nguyen
Jessica Allen,Michelle Nguyen,Michelle Nguyen,Charles Miller,153,Lisa Thompson,Michelle Nguyen
John King,Michelle Nguyen,Michelle Nguyen,Charles Miller,154,Linda Lewis,Michelle Nguyen
Sandra Martinez,Michelle Nguyen,Michelle Nguyen,Paul Garcia,155,Donna Thompson,Michelle Nguyen
Donald Hernandez,Michelle Nguyen,Michelle Nguyen,Michelle Nguyen,156,Michelle Nguyen,Michelle Nguyen
Michael Hernandez,Michelle Nguyen,Michelle Nguyen,Daniel Scott,157,Thomas Jackson,Michelle Nguyen
Jennifer Jackson,Michelle Nguyen,Michelle Nguyen,Paul Garcia,158,Michelle Miller,Michelle Nguyen
Joshua Allen,Michelle Nguyen,Michelle Nguyen,Matthew King,159,Daniel Hernandez,Michelle Nguyen
James Scott,Michelle Nguyen,Michelle Nguyen,Daniel Scott,160,John Martin,Michelle Nguyen
Jessica Jones,Michelle Nguyen,Michelle Nguyen,Daniel Scott,161,John Lewis,Michelle Nguyen
Michelle Nguyen,Michelle Nguyen,Michelle Nguyen,William Sanchez,162,Emily Allen,Michelle Nguyen
James Davis,Michelle Nguyen,Michelle Nguyen,David Thomas,163,James Davis,Michelle Nguyen
Christopher Jones,Michelle Nguyen,Michelle Nguyen,Robert Flores,164,Susan Walker,Michelle Nguyen
Sandra Jackson,Joshua Walker,Michelle Nguyen,Patricia Lopez,165,Patricia Lopez,Michelle Nguyen
Joseph Rodriguez,Michelle Nguyen,Michelle Nguyen,Matthew King,166,Andrew Lewis,Michelle Nguyen
John Martin,Michelle Nguyen,Michelle Nguyen,Paul Garcia,167,Richard Anderson,Michelle Nguyen
Sarah Taylor,Michelle Nguyen,Michelle Nguyen,Paul Garcia,168,Richard Anderson,Michelle Nguyen
Steven Sanchez,Michelle Nguyen,Michelle Nguyen,Patricia Lopez,169,Elizabeth Wright,Michelle Nguyen
Joseph Lewis,Jennifer Hill,Joseph Moore,Patricia Lopez,170,Mark Jackson,Michelle Nguyen
Mary Thompson,Margaret Lopez,Michelle Nguyen,Daniel Scott,171,John Lewis,Michelle Nguyen
Kimberly Thomas,James Rodriguez,Michelle Nguyen,Robert Flores,172,Robert Flores,Michelle Nguyen
Joshua Wilson,Michelle Nguyen,Michelle Nguyen,Paul Garcia,173,Jennifer Sanchez,Michelle Nguyen
Patricia Lewis,Michelle Nguyen,Michelle Nguyen,David Thomas,174,Thomas Jackson,Michelle Nguyen
Patricia Sanchez,Nancy White,Michelle Nguyen,Daniel Scott,175,John Lewis,Michelle Nguyen
Paul Johnson,Michelle Nguyen,Michelle Nguyen,Patricia Lopez,176,Robert Lewis,Michelle Nguyen
Anthony Thomas,Sarah Lewis,Michelle Nguyen,Daniel Scott,177,James Davis,Michelle Nguyen
Nancy Jackson,Michelle Nguyen,Michelle Nguyen,Linda Young,178,Andrew Wright,Michelle Nguyen
Steven Lewis,Michelle Nguyen,Michelle Nguyen,Patricia Lopez,179,John Williams,Michelle Nguyen
Donald Lee,Michelle Nguyen,Michelle Nguyen,Paul Garcia,180,Donna Thompson,Michelle Nguyen
Patricia Rodriguez,Michelle Nguyen,Michelle Nguyen,Michelle Nguyen,181,Patricia Anderson,Michelle Nguyen
Daniel Walker,Michelle Nguyen,Michelle Nguyen,Michelle Nguyen,182,Patricia Anderson,Michelle Nguyen
Michelle Nguyen,Michelle Nguyen,Michelle Nguyen,Daniel Nguyen,183,Michelle Nguyen,Michelle Nguyen
Michelle Nguyen,Michelle Nguyen,Michelle Nguyen,Patricia Rodriguez,184,Patricia Rodriguez,Michelle Nguyen
Ashley Lewis,Michelle Nguyen,Michelle Nguyen,Kimberly Allen,185,Michelle Nguyen,Michelle Nguyen
Sandra Gonzalez,Michelle Nguyen,Michelle Nguyen,Charles Miller,186,Lisa Thompson,Michelle Nguyen
Mark Harris,Michelle Nguyen,Michelle Nguyen,Michelle Nguyen,187,Michelle Nguyen,Michelle Nguyen
Mark Robinson,Jennifer Walker,Michelle Nguyen,Linda Young,188,Ashley Moore,Michelle Nguyen
Anthony Anderson,Michelle Nguyen,Michelle Nguyen,Michelle Nguyen,189,Michelle Nguyen,Michelle Nguyen
Charles Robinson,Michelle Nguyen,Michelle Nguyen,Paul Garcia,190,Richard Anderson,Michelle Nguyen
Michelle Nguyen,Michelle Nguyen,Michelle Nguyen,Linda Young,191,Ashley Moore,Michelle Nguyen
Ashley Garcia,Michelle Nguyen,Michelle Nguyen,Daniel Scott,192,John Martin,Michelle Nguyen
Andrew Hill,Michelle Nguyen,Michelle Nguyen,Patricia Lopez,193,Robert Lewis,Michelle Nguyen
Mary White,Michelle Nguyen,Michelle Nguyen,Robert Flores,194,Susan Walker,Michelle Nguyen
Margaret Wilson,Michelle Nguyen,Michelle Nguyen,Patricia Lopez,195,Robert Lewis,Michelle Nguyen
Jennifer Lee,Michelle Nguyen,Michelle Nguyen,Robert Flores,196,Susan Walker,Michelle Nguyen
Susan Scott,Michelle Nguyen,Michelle Nguyen,Patricia Lopez,197,Mark Jackson,Michelle Nguyen
Michelle Moore,Michelle Nguyen,Michelle Nguyen,Robert Flores,198,Lisa Hill,Michelle Nguyen
Charles Smith,Michelle Nguyen,Michelle Nguyen,Patricia Lopez,199,Patricia Lopez,Michelle Nguyen
Lisa Lee,Michelle Nguyen,Michelle Nguyen,Patricia Lopez,200,Robert Lewis,Michelle Nguyen
Donald Wright,Michelle Nguyen,Michelle Nguyen,Paul Garcia,201,William Clark,Michelle Nguyen
Susan Jackson,Michelle Nguyen,Michelle Nguyen,Paul Garcia,202,Robert Anderson,Michelle Nguyen
Michelle Nguyen,Michelle Nguyen,Michelle Nguyen,Patricia Lopez,203,Elizabeth Wright,Michelle Nguyen
Robert Jackson,Margaret Johnson,Michelle Nguyen,Daniel Scott,204,James Davis,Michelle Nguyen
Linda Lee,Michelle Nguyen,Michelle Nguyen,Robert Flores,205,Lisa Hill,Michelle Nguyen
Daniel Robinson,Michelle Nguyen,Michelle Nguyen,Paul Garcia,206,Donna Thompson,Michelle Nguyen
Linda Hernandez,Michelle Nguyen,Michelle Nguyen,Robert Flores,207,John Williams,Michelle Nguyen
Joshua Sanchez,Michelle Nguyen,Michelle Nguyen,Robert Flores,208,Andrew Gonzalez,Michelle Nguyen
Michelle Nguyen,Michelle Nguyen,Michelle Nguyen,Matthew King,209,Andrew Lewis,Michelle Nguyen
William Walker,Michelle Nguyen,Michelle Nguyen,Paul Garcia,210,Richard Anderson,Michelle Nguyen
Andrew Lopez,Michelle Nguyen,Michelle Nguyen,Linda Young,211,Emily Miller,Michelle Nguyen
Michelle Nguyen,Michelle Nguyen,Michelle Nguyen,Matthew King,212,Jennifer Wright,Michelle Nguyen
Donna Davis,Michelle Nguyen,Michelle Nguyen,Robert Flores,213,Susan Walker,Michelle Nguyen
Michelle Jones,Michelle Nguyen,Michelle Nguyen,Matthew King,214,Michelle Jones,Michelle Nguyen
Michelle Nguyen,Michelle Nguyen,Michelle Nguyen,Paul Garcia,215,Michelle Miller,Michelle Nguyen
John Young,Michelle Nguyen,Michelle Nguyen,Patricia Lopez,216,Patricia Lopez,Michelle Nguyen
Barbara King,Michelle Nguyen,Michelle Nguyen,Paul Garcia,217,Patricia Walker,Michelle Nguyen
Joseph Thompson,Michelle Nguyen,Michelle Nguyen,Patricia Lopez,218,Robert Lewis,Michelle Nguyen
Betty Thomas,Michelle Nguyen,Michelle Nguyen,Patricia Lopez,219,Elizabeth Wright,Michelle Nguyen
Steven Lee,Michelle Nguyen,Michelle Nguyen,Paul Garcia,220,William Clark,Michelle Nguyen
Richard Lee,Michelle Nguyen,Michelle Nguyen,Paul Garcia,221,Sarah Perez,Michelle Nguyen
Donna Thompson,Michelle Nguyen,Michelle Nguyen,Paul Garcia,222,Donna Thompson,Michelle Nguyen
Robert Brown,Michelle Nguyen,Michelle Nguyen,Linda Young,223,Ashley Moore,Michelle Nguyen
Andrew Wright,Michelle Nguyen,Michelle Nguyen,Linda Young,224,Andrew Wright,Michelle Nguyen
Charles Scott,Michelle Nguyen,Michelle Nguyen,Patricia Lopez,225,Elizabeth Wright,Michelle Nguyen
Michelle Martinez,Michelle Nguyen,Michelle Nguyen,Robert Flores,226,Susan Walker,Michelle Nguyen
Lisa Hill,Michelle Nguyen,Michelle Nguyen,Robert Flores,227,Robert Flores,Michelle Nguyen
Betty Williams,Michelle Nguyen,Michelle Nguyen,David Thomas,228,James Davis,Michelle Nguyen
Lisa Young,Michelle Nguyen,Michelle Nguyen,Robert Flores,229,Robert Flores,Michelle Nguyen
James Jones,Michelle Nguyen,Michelle Nguyen,David Thomas,230,Thomas Jackson,Michelle Nguyen
Lisa Perez,Michelle Nguyen,Michelle Nguyen,Kimberly Allen,231,Michelle Nguyen,Michelle Nguyen
Donald Wilson,Michelle Nguyen,Michelle Nguyen,Paul Garcia,232,William Clark,Michelle Nguyen
Patricia Moore,Michelle Nguyen,Michelle Nguyen,Paul Garcia,233,William Clark,Michelle Nguyen
Donald Hill,Michelle Nguyen,Michelle Nguyen,Matthew Robinson,234,Matthew Robinson,Michelle Nguyen
Jennifer Johnson,Michelle Nguyen,Michelle Nguyen,Charles Miller,235,Daniel Hernandez,Michelle Nguyen
Matthew Harris,Michelle Nguyen,Michelle Nguyen,Matthew Robinson,236,Matthew Robinson,Michelle Nguyen
Donald Wright,Michelle Nguyen,Michelle Nguyen,Ashley Thomas,237,Karen Taylor,Michelle Nguyen
Betty Clark,Michelle Nguyen,Michelle Nguyen,Charles Miller,238,Linda Lewis,Michelle Nguyen
Karen Wilson,Michelle Nguyen,Michelle Nguyen,Matthew Robinson,239,Matthew Robinson,Michelle Nguyen
David Hill,Michelle Nguyen,Michelle Nguyen,Matthew King,240,Matthew King,Michelle Nguyen
David Davis,Michelle Nguyen,Michelle Nguyen,Patricia Lopez,241,Robert Lewis,Michelle Nguyen
Linda Rodriguez,Michelle Nguyen,Michelle Nguyen,Patricia Lopez,242,Robert Lewis,Michelle Nguyen
Matthew Hernandez,Michelle Nguyen,Michelle Nguyen,Robert Flores,243,John Williams,Michelle Nguyen
Michelle Wilson,Joseph Williams,Michelle Nguyen,Daniel Scott,244,John Martin,Michelle Nguyen
Linda Williams,Michelle Nguyen,Donald Miller,Daniel Scott,245,Michael Clark,Michelle Nguyen
Andrew Wright,Michelle Nguyen,Michelle Nguyen,Patricia Lopez,246,Patricia Lopez,Michelle Nguyen
Margaret Lopez,Michelle Nguyen,Michelle Nguyen,Daniel Scott,247,John Lewis,Michelle Nguyen
Karen Miller,Michelle Nguyen,Michelle Nguyen,Matthew King,248,Lisa Thomas,Michelle Nguyen
Jessica Walker,Michelle Nguyen,Michelle Nguyen,Robert Flores,249,John Williams,Michelle Nguyen
Sandra Smith,Michelle Nguyen,Michelle Nguyen,Daniel Scott,250,John Lewis,Michelle Nguyen
Michelle Nguyen,Michelle Nguyen,Michelle Nguyen,Paul Garcia,251,Jennifer Sanchez,Michelle Nguyen
Daniel Sanchez,Michelle Nguyen,Michelle Nguyen,Daniel Scott,252,James Davis,Michelle Nguyen
Sandra Hill,Michelle Nguyen,Michelle Nguyen,Matthew King,253,Andrew Lewis,Michelle Nguyen
John Thompson,Michelle Nguyen,Michelle Nguyen,Patricia Lopez,254,Elizabeth Wright,Michelle Nguyen
William Rodriguez,Michelle Nguyen,Donald Miller,Daniel Scott,255,Michael Clark,Michelle Nguyen
Matthew Anderson,Michelle Nguyen,Michelle Nguyen,Robert Flores,256,Robert Flores,Michelle Nguyen
Andrew Gonzalez,Michelle Nguyen,Michelle Nguyen,Robert Flores,257,Andrew Gonzalez,Michelle Nguyen
Betty Smith,Michelle Nguyen,Michelle Nguyen,Patricia Lopez,258,Betty Smith,Michelle Nguyen
Michelle Nguyen,Michelle Nguyen,Michelle Nguyen,Charles Gonzalez,259,Ashley Wilson,Michelle Nguyen
Matthew Davis,Michelle Nguyen,Michelle Nguyen,Ashley Thomas,260,Karen Taylor,Michelle Nguyen
Elizabeth Hill,Michelle Nguyen,Michelle Nguyen,Ashley Thomas,261,Daniel Hernandez,Michelle Nguyen
Betty Wilson,Michelle Nguyen,Michelle Nguyen,Steven Davis,262,Jennifer King,Michelle Nguyen
Michelle Nguyen,Michelle Nguyen,Michelle Nguyen,Charles Gonzalez,263,Joseph Moore,Michelle Nguyen
Linda Jones,Michelle Nguyen,Michelle Nguyen,Charles Gonzalez,264,Ashley Wilson,Michelle Nguyen
John Taylor,Michelle Nguyen,Michelle Nguyen,Charles Miller,265,Daniel Hernandez,Michelle Nguyen
Jennifer Torres,Michelle Nguyen,Michelle Nguyen,Ashley Thomas,266,Karen Taylor,Michelle Nguyen
Nancy Scott,Michelle Nguyen,Michelle Nguyen,Paul Garcia,267,Robert Anderson,Michelle Nguyen
Joseph Jackson,Michelle Nguyen,Michelle Nguyen,Daniel Scott,268,James Davis,Michelle Nguyen
Patricia Johnson,Michelle Nguyen,Michelle Nguyen,Paul Garcia,269,Donna Thompson,Michelle Nguyen
Steven Miller,Michelle Nguyen,Michelle Nguyen,Paul Garcia,270,Donna Thompson,Michelle Nguyen
Thomas Jackson,Michelle Nguyen,Michelle Nguyen,Robert Flores,271,Andrew Gonzalez,Michelle Nguyen
Betty Clark,Michelle Nguyen,Michelle Nguyen,Paul Garcia,272,Michelle Miller,Michelle Nguyen
Nancy Perez,Michelle Nguyen,Michelle Nguyen,Patricia Lopez,273,Robert Lewis,Michelle Nguyen
John Williams,Michelle Nguyen,Michelle Nguyen,Patricia Lopez,274,John Williams,Michelle Nguyen
Emily Ramirez,Michelle Nguyen,Michelle Nguyen,Matthew King,275,Michelle Jones,Michelle Nguyen
Sarah Perez,Michelle Nguyen,Michelle Nguyen,Paul Garcia,276,Sarah Perez,Michelle Nguyen
Steven Brown,Michelle Nguyen,Michelle Nguyen,Linda Young,277,Ashley Moore,Michelle Nguyen
David Wilson,Michelle Nguyen,Michelle Nguyen,Paul Garcia,278,David Wilson,Michelle Nguyen
Patricia Hill,Michelle Nguyen,Michelle Nguyen,Jessica Young,279,Susan Torres,Michelle Nguyen
Sandra Gonzalez,Michelle Nguyen,Michelle Nguyen,Donna Rodriguez,280,Donna Rodriguez,Michelle Nguyen
Karen Anderson,Michelle Nguyen,Michelle Nguyen,Jessica Taylor,281,Susan Davis,Michelle Nguyen
Michelle Nguyen,Michelle Nguyen,Michelle Nguyen,Jessica Young,282,Susan Torres,Michelle Nguyen
Sarah Martinez,Daniel Allen,Michelle Nguyen,Joshua Williams,283,Joshua Williams,Michelle Nguyen
Lisa Brown,Michelle Nguyen,Michelle Nguyen,Emily Moore,284,Emily Moore,Michelle Nguyen
Robert King,Michelle Nguyen,Michelle Nguyen,Matthew Harris,285,Matthew Harris,John Thomas
Elizabeth Wright,Michelle Nguyen,Michelle Nguyen,Joshua Williams,286,Joshua Williams,Michelle Nguyen
Betty Garcia,Michelle Nguyen,Michelle Nguyen,Charles Miller,287,Linda Wilson,Michelle Nguyen
Michelle Nguyen,Michelle Nguyen,Michelle Nguyen,Karen Moore,288,Steven Torres,Michelle Nguyen
Richard Allen,Michelle Nguyen,Michelle Nguyen,Charles Miller,289,Daniel Hernandez,Michelle Nguyen
Paul Young,Michelle Nguyen,Michelle Nguyen,Michelle Nguyen,290,William Sanchez,Michelle Nguyen
Nancy Williams,Michelle Nguyen,Michelle Nguyen,Charles Miller,291,Linda Wilson,Michelle Nguyen
James Miller,Michelle Nguyen,Michelle Nguyen,Matthew Robinson,292,Matthew Robinson,Michelle Nguyen
Susan Robinson,Michelle Nguyen,Michelle Nguyen,Ashley Thomas,293,Ashley Thomas,Michelle Nguyen
William Garcia,Michelle Nguyen,Michelle Nguyen,Matthew Robinson,294,Matthew Robinson,Michelle Nguyen
Daniel Martin,Michelle Nguyen,Michelle Nguyen,Steven Davis,295,Jennifer King,Michelle Nguyen
Steven Thomas,Michelle Nguyen,Michelle Nguyen,Charles Gonzalez,296,Joseph Moore,Michelle Nguyen
Betty Garcia,Michelle Nguyen,Michelle Nguyen,Charles Miller,297,Daniel Walker,Michelle Nguyen
Lisa Rodriguez,Michelle Nguyen,Michelle Nguyen,Charles Miller,298,Linda Wilson,Michelle Nguyen
Lisa Miller,Michelle Nguyen,Michelle Nguyen,Charles Gonzalez,299,Ashley Wilson,Michelle Nguyen
Anthony Ramirez,Michelle Nguyen,Michelle Nguyen,Charles Gonzalez,300,Ashley Wilson,Michelle Nguyen
Paul Thomas,Steven Taylor,Michelle Nguyen,Charles Gonzalez,301,Joseph Moore,Michelle Nguyen
Sandra Garcia,Steven Taylor,Michelle Nguyen,Charles Gonzalez,302,Joseph Moore,Michelle Nguyen
Margaret Torres,Michelle Nguyen,Michelle Nguyen,Charles Miller,303,Linda Lewis,Michelle Nguyen
Michelle Nguyen,Michelle Nguyen,Michelle Nguyen,Charles Miller,304,Linda Wilson,Michelle Nguyen
Daniel Hill,Michelle Nguyen,Michelle Nguyen,Charles Gonzalez,305,Ashley Wilson,Michelle Nguyen
Mary Allen,Michelle Nguyen,Michelle Nguyen,Charles Gonzalez,306,Ashley Wilson,Michelle Nguyen
Steven Anderson,Michelle Nguyen,Michelle Nguyen,Paul Garcia,307,Donna Thompson,Michelle Nguyen
Robert Anderson,Robert Allen,Michelle Nguyen,Matthew King,308,Matthew King,Michelle Nguyen
William Hernandez,Michelle Nguyen,Michelle Nguyen,Matthew Robinson,309,Matthew Robinson,Michelle Nguyen
Thomas Young,Michelle Nguyen,Michelle Nguyen,Patricia Lopez,310,Elizabeth Wright,Michelle Nguyen
Paul Wilson,Michelle Nguyen,Michelle Nguyen,Robert Flores,311,John Williams,Michelle Nguyen
Mary Thompson,Karen King,Michelle Nguyen,Paul Garcia,312,Patricia Walker,Michelle Nguyen
Robert Anderson,Michelle Nguyen,Michelle Nguyen,Paul Garcia,313,Robert Anderson,Michelle Nguyen
Donald Taylor,Michelle Nguyen,Michelle Nguyen,Matthew King,314,Michelle Jones,Michelle Nguyen
Matthew Smith,Michelle Nguyen,Michelle Nguyen,Paul Garcia,315,Jennifer Sanchez,Michelle Nguyen
Michael Wilson,Michelle Nguyen,Michelle Nguyen,Patricia Lopez,316,John Young,Michelle Nguyen
James Johnson,Michelle Nguyen,Michelle Nguyen,Daniel Scott,317,John Lewis,Michelle Nguyen
Betty Harris,Michelle Nguyen,Michelle Nguyen,Paul Garcia,318,Patricia Walker,Michelle Nguyen
Elizabeth Hill,Michelle Nguyen,Michelle Nguyen,Daniel Scott,319,John Martin,Michelle Nguyen
John Johnson,Michelle Nguyen,Michelle Nguyen,Paul Garcia,320,Michelle Miller,Michelle Nguyen
Paul Allen,Michelle Nguyen,Michelle Nguyen,Patricia Lopez,321,Robert Lewis,Michelle Nguyen
Betty Torres,Michelle Nguyen,Michelle Nguyen,Charles Gonzalez,322,Ashley Wilson,Michelle Nguyen
Steven Taylor,Betty Gonzalez,Michelle Nguyen,Charles Gonzalez,323,Joseph Moore,Michelle Nguyen
Christopher Smith,Michelle Nguyen,Michelle Nguyen,Charles Gonzalez,324,Joseph Moore,Michelle Nguyen
Michelle Harris,Michelle Nguyen,Michelle Nguyen,Charles Gonzalez,325,Joseph Moore,Michelle Nguyen
Ashley Moore,Michelle Nguyen,Michelle Nguyen,Charles Miller,326,Linda Lewis,Michelle Nguyen
Elizabeth Wright,Michelle Nguyen,Michelle Nguyen,Charles Miller,327,Linda Wilson,Michelle Nguyen
Linda Brown,Michelle Nguyen,Michelle Nguyen,Jessica Taylor,328,Susan Davis,Michelle Nguyen
Michael Anderson,Michelle Nguyen,Michelle Nguyen,Donna Rodriguez,329,Donna Rodriguez,Michelle Nguyen
Thomas Moore,Anthony Thomas,Michelle Nguyen,Joseph Sanchez,330,Joseph Sanchez,Michelle Nguyen
Jennifer Torres,Michelle Nguyen,Michelle Nguyen,Patricia Lopez,331,Robert Lewis,Michelle Nguyen
Michelle Nguyen,Michelle Nguyen,Michelle Nguyen,Daniel Scott,332,Daniel Scott,Michelle Nguyen
Nancy Hernandez,Michelle Nguyen,Michelle Nguyen,Paul Garcia,333,William Clark,Michelle Nguyen
Mark Williams,Michelle Nguyen,Michelle Nguyen,Linda Young,334,Andrew Wright,Michelle Nguyen
Betty Perez,Michelle Nguyen,Michelle Nguyen,Daniel Scott,335,Thomas Jackson,Michelle Nguyen
John King,Michelle Nguyen,Michelle Nguyen,Paul Garcia,336,Jennifer Sanchez,Michelle Nguyen
Sandra Nguyen,Michelle Nguyen,Michelle Nguyen,Charles Miller,337,Daniel Hernandez,Michelle Nguyen
Emily Moore,Michelle Nguyen,Michelle Nguyen,Charles Gonzalez,338,Ashley Wilson,Michelle Nguyen
Margaret Torres,Michelle Nguyen,Michelle Nguyen,Charles Gonzalez,339,Ashley Wilson,Michelle Nguyen
Robert Jackson,Michelle Nguyen,Michelle Nguyen,Paul Garcia,340,Sarah Perez,Michelle Nguyen
Susan Martin,Michelle Nguyen,Michelle Nguyen,Matthew King,341,Daniel Hernandez,Michelle Nguyen
Betty Williams,Michelle Nguyen,Michelle Nguyen,Daniel Scott,342,James Davis,Michelle Nguyen
Linda Clark,Michelle Nguyen,Michelle Nguyen,Steven Davis,343,Patricia Martinez,Michelle Nguyen
Sandra Young,Christopher Davis,Michelle Nguyen,Karen Moore,344,Andrew Miller,Michelle Nguyen
Michelle Nguyen,Michelle Nguyen,Michelle Nguyen,Patricia Lopez,345,Mark Jackson,Michelle Nguyen
Patricia Thompson,Michelle Nguyen,Michelle Nguyen,Patricia Lopez,346,Robert Lewis,Michelle Nguyen
Christopher Martin,Michelle Nguyen,Michelle Nguyen,Robert Flores,347,John Williams,Michelle Nguyen
Charles Wright,Michelle Nguyen,Michelle Nguyen,Patricia Lopez,348,Elizabeth Wright,Michelle Nguyen
Margaret Gonzalez,Michelle Nguyen,Michelle Nguyen,Patricia Lopez,349,Patricia Lopez,Michelle Nguyen
Paul Walker,Steven Taylor,Michelle Nguyen,Charles Gonzalez,350,Joseph Moore,Michelle Nguyen
Anthony Torres,Michelle Nguyen,Michelle Nguyen,Steven Davis,351,Patricia Martinez,Michelle Nguyen
William Moore,Michelle Nguyen,Michelle Nguyen,Matthew Robinson,352,Matthew Robinson,Michelle Nguyen
James Sanchez,Michelle Nguyen,Michelle Nguyen,Daniel Scott,353,James Davis,Michelle Nguyen
Jessica Sanchez,Michelle Nguyen,Michelle Nguyen,Paul Garcia,354,Donna Thompson,Michelle Nguyen
Joshua Davis,Michelle Nguyen,Michelle Nguyen,Emily Moore,355,Emily Moore,Michelle Nguyen
Nancy Taylor,Michelle Nguyen,Michelle Nguyen,Emily Moore,356,Emily Moore,Michelle Nguyen
Christopher Wright,Michelle Nguyen,Michelle Nguyen,Matthew Harris,357,Matthew Harris,John Thomas
James Wilson,Jennifer Martinez,Michelle Nguyen,Joshua Williams,358,Joshua Williams,Michelle Nguyen
Mary Robinson,Michelle Nguyen,Michelle Nguyen,Matthew King,359,Daniel Hernandez,Michelle Nguyen
Robert Wilson,Michelle Nguyen,Michelle Nguyen,Patricia Lopez,360,Betty Smith,Michelle Nguyen
Joseph Smith,Michelle Nguyen,Michelle Nguyen,Steven Davis,361,Patricia Martinez,Michelle Nguyen
Paul Robinson,Michelle Nguyen,Michelle Nguyen,Paul Garcia,362,Donna Thompson,Michelle Nguyen
Sarah King,Michelle Nguyen,Michelle Nguyen,Charles Miller,363,Daniel Walker,Michelle Nguyen
Mary Lee,Michelle Nguyen,Michelle Nguyen,Steven Davis,364,Patricia Martinez,Michelle Nguyen
Anthony Hernandez,Michelle Nguyen,Michelle Nguyen,Steven Davis,365,Jennifer King,Michelle Nguyen
James Wilson,Michelle Nguyen,Michelle Nguyen,Matthew King,366,Michelle Jones,Michelle Nguyen
Michelle Nguyen,Michelle Nguyen,Michelle Nguyen,Linda Young,367,Emily Miller,Michelle Nguyen
Margaret Gonzalez,Michelle Nguyen,Michelle Nguyen,Patricia Lopez,368,Robert Lewis,Michelle Nguyen
Mark Perez,Michelle Nguyen,Michelle Nguyen,Robert Flores,369,John Williams,Michelle Nguyen
Sarah Jones,Michelle Nguyen,Michelle Nguyen,Michelle Nguyen,370,Michelle Nguyen,Michelle Nguyen
Ashley Scott,Michelle Nguyen,Michelle Nguyen,Patricia Lopez,371,Patricia Lopez,Michelle Nguyen
Donna Brown,Michelle Nguyen,Michelle Nguyen,Robert Flores,372,Susan Walker,Michelle Nguyen
Daniel Jones,Michelle Nguyen,Michelle Nguyen,David Thomas,373,James Davis,Michelle Nguyen
Mark Thomas,Michelle Nguyen,Michelle Nguyen,Linda Young,374,Andrew Wright,Michelle Nguyen
Robert Thomas,Michelle Nguyen,Michelle Nguyen,Paul Garcia,375,Patricia Walker,Michelle Nguyen
Mark White,Michelle Nguyen,Michelle Nguyen,David Thomas,376,James Davis,Michelle Nguyen
Nancy Sanchez,Michelle Nguyen,Michelle Nguyen,Robert Flores,377,Andrew Gonzalez,Michelle Nguyen
Betty Hill,Michelle Nguyen,Michelle Nguyen,Patricia Lopez,378,Elizabeth Wright,Michelle Nguyen
James Sanchez,Michelle Nguyen,Michelle Nguyen,Michelle Nguyen,379,Michelle Nguyen,Michelle Nguyen
Mary Thomas,Michelle Nguyen,Michelle Nguyen,Patricia Rodriguez,380,Patricia Rodriguez,Michelle Nguyen
Paul Thomas,Michelle Nguyen,Michelle Nguyen,Patricia Rodriguez,381,Patricia Rodriguez,Michelle Nguyen
Karen Harris,Michelle Nguyen,Michelle Nguyen,Michelle Nguyen,382,Michelle Nguyen,Michelle Nguyen
James King,Michelle Nguyen,Michelle Nguyen,James Wright,383,Matthew Jackson,Michelle Nguyen
James Wilson,Michelle Nguyen,Michelle Nguyen,Charles Gonzalez,384,Joseph Moore,Michelle Nguyen
Michelle Rodriguez,Michelle Nguyen,Michelle Nguyen,James Wright,385,Matthew Jackson,Michelle Nguyen
Michelle Nguyen,Michelle Nguyen,Michelle Nguyen,Charles Miller,386,Lisa Thompson,Michelle Nguyen
Thomas Brown,Michelle Nguyen,Michelle Nguyen,Charles Miller,387,Lisa Brown,Michelle Nguyen
Donna Wilson,Michelle Nguyen,Michelle Nguyen,Jessica Taylor,388,Susan Davis,Michelle Nguyen
Richard Jones,Michelle Nguyen,Michelle Nguyen,Jessica Young,389,Susan Torres,Michelle Nguyen
Elizabeth Taylor,Michelle Nguyen,Michelle Nguyen,Donna Rodriguez,390,Donna Rodriguez,Michelle Nguyen
Paul Torres,Michelle Nguyen,Michelle Nguyen,Emily Moore,391,Emily Moore,Michelle Nguyen
Jennifer King,Michelle Nguyen,Michelle Nguyen,Michelle Nguyen,392,Michelle Nguyen,Michelle Nguyen
Michelle Miller,Michelle Nguyen,Michelle Nguyen,Linda Young,393,Emily Miller,Michelle Nguyen
Michelle Nguyen,Michelle Nguyen,Michelle Nguyen,James Wright,394,Matthew Jackson,Michelle Nguyen
Karen Rodriguez,Michelle Nguyen,Michelle Nguyen,Charles Miller,395,Daniel Walker,Michelle Nguyen
Mary Lewis,Michelle Nguyen,Michelle Nguyen,Charles Miller,396,Linda Lewis,Michelle Nguyen
Lisa Thomas,Michelle Nguyen,Michelle Nguyen,Matthew King,397,Lisa Thomas,Michelle Nguyen
Michelle Nguyen,Michelle Nguyen,Michelle Nguyen,Jessica Young,398,Steven Perez,Michelle Nguyen
Margaret White,Michelle Nguyen,Michelle Nguyen,Jessica Young,399,Susan Torres,Michelle Nguyen
Jennifer Johnson,Michelle Nguyen,Michelle Nguyen,Michelle Nguyen,400,Michelle Nguyen,Michelle Nguyen
Betty Miller,Michelle Nguyen,Michelle Nguyen,Barbara Williams,401,Barbara Williams,Michelle Nguyen
Karen Anderson,Michelle Nguyen,Michelle Nguyen,Kimberly Allen,402,Michelle Nguyen,Michelle Nguyen
Elizabeth Johnson,Michelle Nguyen,Michelle Nguyen,Paul Garcia,403,Richard Anderson,Michelle Nguyen
Michael Miller,Michelle Nguyen,Michelle Nguyen,Linda Young,404,Emily Miller,Michelle Nguyen
Christopher Martinez,Susan Garcia,Michelle Nguyen,Robert Flores,405,Patricia Nguyen,Michelle Nguyen
Margaret Nguyen,Michelle Nguyen,Michelle Nguyen,Jessica Young,406,Margaret Nguyen,Michelle Nguyen
Susan Davis,Michelle Nguyen,Michelle Nguyen,Jessica Taylor,407,Susan Davis,Michelle Nguyen
Andrew Williams,Michelle Nguyen,Michelle Nguyen,Emily Moore,408,Emily Moore,Michelle Nguyen
Betty Flores,Michelle Nguyen,Michelle Nguyen,Emily Moore,409,Emily Moore,Michelle Nguyen
Jennifer Flores,Michelle Nguyen,Michelle Nguyen,Emily Moore,410,Emily Moore,Michelle Nguyen
Michelle Nguyen,Michelle Nguyen,Michelle Nguyen,Emily Moore,411,Emily Moore,Michelle Nguyen
Lisa Miller,Michelle Nguyen,Michelle Nguyen,Emily Moore,412,Emily Moore,Michelle Nguyen
Mary Gonzalez,Michelle Nguyen,Michelle Nguyen,Emily Moore,413,Emily Moore,Michelle Nguyen
Susan Garcia,Michelle Nguyen,Michelle Nguyen,Joshua Williams,414,Sarah Jackson,Michelle Nguyen
Matthew Harris,Michelle Nguyen,Michelle Nguyen,Matthew Harris,415,Matthew Harris,John Thomas
Elizabeth Thompson,Michelle Nguyen,Michelle Nguyen,Joshua Williams,416,Joshua Williams,Michelle Nguyen
Patricia Martin,Michelle Nguyen,Michelle Nguyen,Joshua Williams,417,Patricia Martin,Michelle Nguyen
Michelle Nguyen,Michelle Nguyen,Michelle Nguyen,Paul Garcia,418,Donna Thompson,Michelle Nguyen
William Harris,Michelle Nguyen,Michelle Nguyen,Matthew King,419,Daniel Hernandez,Michelle Nguyen
Joshua Lewis,Daniel Hernandez,Michelle Nguyen,Matthew King,420,Joshua Lewis,Daniel Hernandez
William Young,Michelle Nguyen,Michelle Nguyen,Matthew Robinson,421,Michelle Nguyen,Michelle Nguyen
Mark Thompson,Sandra Davis,Michelle Nguyen,Ashley Thomas,422,Karen Taylor,Michelle Nguyen
James Davis,Michelle Nguyen,Michelle Nguyen,Daniel Scott,423,James Davis,Michelle Nguyen
Joshua Gonzalez,Michelle Nguyen,Michelle Nguyen,Robert Flores,424,Susan Walker,Michelle Nguyen
Mark Lewis,Michelle Nguyen,Michelle Nguyen,Daniel Scott,425,John Lewis,Michelle Nguyen
Christopher White,Michelle Nguyen,Donald Miller,Daniel Scott,426,Michael Clark,Michelle Nguyen
Robert Brown,Michelle Nguyen,Michelle Nguyen,Matthew King,427,Lisa Thomas,Michelle Nguyen
Richard Thomas,Michelle Nguyen,Michelle Nguyen,Michelle Nguyen,428,Thomas Rodriguez,Michelle Nguyen
Jessica Garcia,Michelle Nguyen,Michelle Nguyen,Paul Garcia,429,Donna Thompson,Michelle Nguyen
Thomas Torres,Michelle Nguyen,Michelle Nguyen,Charles Miller,430,Lisa Brown,Michelle Nguyen
Michelle Nguyen,Michelle Nguyen,Michelle Nguyen,Daniel Scott,431,Thomas Jackson,Michelle Nguyen
Margaret Wilson,Michelle Nguyen,Michelle Nguyen,Linda Young,432,Emily Miller,Michelle Nguyen
Betty Davis,Michelle Nguyen,Michelle Nguyen,Emily Moore,433,Emily Moore,Michelle Nguyen
Daniel Hernandez,Michelle Nguyen,Michelle Nguyen,Matthew King,434,Daniel Hernandez,Michelle Nguyen
Emily Anderson,Michelle Nguyen,Michelle Nguyen,Robert Flores,435,Andrew Gonzalez,Michelle Nguyen
Patricia Thomas,Michelle Nguyen,Michelle Nguyen,Ashley Thomas,436,Karen Taylor,Michelle Nguyen
Kimberly Allen,Michelle Nguyen,Michelle Nguyen,Charles Miller,437,Linda Wilson,Michelle Nguyen
Sarah Torres,Michelle Nguyen,Michelle Nguyen,Ashley Thomas,438,Karen Taylor,Michelle Nguyen
Mark Clark,Michelle Nguyen,Michelle Nguyen,Charles Gonzalez,439,Ashley Wilson,Michelle Nguyen
Michelle Nguyen,Michelle Nguyen,Michelle Nguyen,Charles Miller,440,Linda Lewis,Michelle Nguyen
Ashley Martinez,Michelle Nguyen,Michelle Nguyen,Charles Gonzalez,441,Ashley Wilson,Michelle Nguyen
Lisa Miller,Michelle Nguyen,Michelle Nguyen,Patricia Rodriguez,442,Patricia Rodriguez,Michelle Nguyen
Susan Moore,Michelle Nguyen,Michelle Nguyen,Daniel Scott,443,James Davis,Michelle Nguyen
Linda Lewis,Michelle Nguyen,Michelle Nguyen,Donna Rodriguez,444,Donna Rodriguez,Michelle Nguyen
Anthony Ramirez,Robert Martin,Michelle Nguyen,Robert Flores,445,Susan Walker,Michelle Nguyen
Anthony Thomas,Sarah Lewis,Michelle Nguyen,Daniel Scott,446,Thomas Jackson,Michelle Nguyen
Jessica Wright,Michelle Nguyen,Michelle Nguyen,Robert Flores,447,Robert Flores,Michelle Nguyen
Michelle Williams,Michelle Nguyen,Michelle Nguyen,Michelle Williams,448,Emily Allen,Michelle Nguyen
James Taylor,Michelle Nguyen,Michelle Nguyen,Charles Miller,449,Lisa Brown,Michelle Nguyen
Donna Thompson,Michelle Nguyen,Michelle Nguyen,Ashley Thomas,450,Ashley Thomas,Michelle Nguyen
Matthew Martin,Michelle Nguyen,Michelle Nguyen,Charles Miller,451,Lisa Brown,Michelle Nguyen
Steven Torres,Michelle Nguyen,Michelle Nguyen,Karen Moore,452,Steven Torres,Michelle Nguyen
Michael Clark,Michelle Nguyen,Michelle Nguyen,Ashley Thomas,453,Ashley Thomas,Michelle Nguyen
Elizabeth White,Michelle Nguyen,Michelle Nguyen,Charles Miller,454,Daniel Hernandez,Michelle Nguyen
Michelle Nguyen,Michelle Nguyen,Michelle Nguyen,Ashley Thomas,455,Daniel Hernandez,Michelle Nguyen
Mary Gonzalez,Michelle Nguyen,Michelle Nguyen,James Wright,456,Matthew Jackson,Michelle Nguyen
Andrew Smith,Michelle Nguyen,Michelle Nguyen,Matthew Robinson,457,Matthew Robinson,Michelle Nguyen
Robert Robinson,Michelle Nguyen,Michelle Nguyen,Matthew Robinson,458,Matthew Robinson,Michelle Nguyen
Linda Wright,Michelle Nguyen,Michelle Nguyen,Patricia Lopez,459,Robert Lewis,Michelle Nguyen
Michelle Nguyen,Michelle Nguyen,Michelle Nguyen,Robert Flores,460,Andrew Gonzalez,Michelle Nguyen
Paul Jones,Michelle Nguyen,Michelle Nguyen,Linda Young,461,Andrew Wright,Michelle Nguyen
Kimberly Robinson,Michelle Nguyen,Michelle Nguyen,Paul Garcia,462,Richard Anderson,Michelle Nguyen
Richard Lewis,Michelle Nguyen,Michelle Nguyen,Michelle Nguyen,463,Michelle Nguyen,Michelle Nguyen
Michelle Nguyen,Michelle Nguyen,Michelle Nguyen,Robert Flores,464,John Williams,Michelle Nguyen
Daniel Young,Michelle Nguyen,Michelle Nguyen,Linda Young,465,Emily Miller,Michelle Nguyen
Linda White,Michelle Nguyen,Michelle Nguyen,Daniel Scott,466,James Davis,Michelle Nguyen
Ashley Brown,Michelle Nguyen,Michelle Nguyen,Daniel Scott,467,John King,Christopher Martinez
Nancy Thomas,Michelle Nguyen,Michelle Nguyen,Patricia Lopez,468,Elizabeth Wright,Michelle Nguyen
Richard Hill,Michelle Nguyen,Michelle Nguyen,Michelle Nguyen,469,Susan Taylor,Michelle Nguyen
Thomas Miller,Michelle Nguyen,Michelle Nguyen,Robert Flores,470,Susan Walker,Michelle Nguyen
Kimberly King,Michelle Nguyen,Michelle Nguyen,Linda Young,471,Ashley Moore,Michelle Nguyen
Ashley Williams,Michelle Nguyen,Michelle Nguyen,Linda Young,472,Ashley Moore,Michelle Nguyen
Matthew Gonzalez,Donna Lewis,Michelle Nguyen,Matthew Harris,473,Matthew Harris,John Thomas
Michelle Thomas,Michelle Nguyen,Michelle Nguyen,Matthew Harris,474,Matthew Harris,John Thomas
Lisa Hill,Michelle Nguyen,Michelle Nguyen,Charles Miller,475,Lisa Brown,Michelle Nguyen
James Thompson,Michelle Nguyen,Michelle Nguyen,Patricia Lopez,476,Elizabeth Wright,Michelle Nguyen
Richard Hill,Michelle Nguyen,Michelle Nguyen,Charles Miller,477,Linda Wilson,Michelle Nguyen
Jennifer White,Michelle Nguyen,Michelle Nguyen,Charles Miller,478,Lisa Brown,Michelle Nguyen
William Martinez,Michelle Nguyen,Michelle Nguyen,Emily Allen,479,Emily Allen,Michelle Nguyen
Nancy Jones,Michelle Nguyen,Michelle Nguyen,Matthew Robinson,480,Matthew Robinson,Michelle Nguyen
Robert Robinson,Michelle Nguyen,Michelle Nguyen,Charles Gonzalez,481,Joseph Moore,Michelle Nguyen
Jennifer King,Michelle Nguyen,Michelle Nguyen,Steven Davis,482,Jennifer King,Michelle Nguyen
Elizabeth Wright,Michelle Nguyen,Michelle Nguyen,Steven Davis,483,Patricia Martinez,Michelle Nguyen
Michelle Nguyen,Michelle Nguyen,Michelle Nguyen,Donna Rodriguez,484,Donna Rodriguez,Michelle Nguyen
David Walker,Michelle Nguyen,Michelle Nguyen,Linda Young,485,Ashley Moore,Michelle Nguyen
Joseph Jackson,Michelle Nguyen,Michelle Nguyen,Linda Young,486,Emily Miller,Michelle Nguyen
William Jackson,Michelle Nguyen,Michelle Nguyen,Paul Garcia,487,Michelle Miller,Michelle Nguyen
Nancy Hill,Michelle Nguyen,Michelle Nguyen,Patricia Lopez,488,Robert Lewis,Michelle Nguyen
Jessica Thomas,Michelle Nguyen,Michelle Nguyen,Patricia Lopez,489,Betty Smith,Michelle Nguyen
Thomas Hernandez,Michelle Nguyen,Michelle Nguyen,Matthew King,490,Susan Anderson,Michelle Nguyen
Mary Harris,Michelle Nguyen,Michelle Nguyen,Patricia Lopez,491,Robert Lewis,Michelle Nguyen
John Williams,Michelle Nguyen,Michelle Nguyen,Robert Flores,492,John Williams,Michelle Nguyen
Steven Hernandez,Michelle Nguyen,Michelle Nguyen,Ashley Thomas,493,Daniel Hernandez,Michelle Nguyen
Steven Perez,Michelle Nguyen,Michelle Nguyen,Matthew King,494,Daniel Hernandez,Michelle Nguyen
Jessica White,Michelle Nguyen,Michelle Nguyen,Charles Miller,495,Linda Lewis,Michelle Nguyen
William Taylor,Michelle Nguyen,Michelle Nguyen,Paul Garcia,496,Robert Anderson,Michelle Nguyen
Sarah Lewis,Michelle Nguyen,Michelle Nguyen,Robert Flores,497,Lisa Hill,Michelle Nguyen
Sarah Anderson,Michelle Nguyen,Michelle Nguyen,Patricia Lopez,498,Robert Lewis,Michelle Nguyen
Patricia Anderson,Michelle Nguyen,Michelle Nguyen,Robert Flores,499,Susan Walker,Michelle Nguyen
Thomas Torres,Michelle Nguyen,Michelle Nguyen,Daniel Nguyen,500,Michelle Nguyen,Michelle Nguyen
Michelle Nguyen,Michelle Nguyen,Michelle Nguyen,Daniel Scott,501,John Martin,Michelle Nguyen
Christopher Allen,Lisa Thomas,Michelle Nguyen,Robert Flores,502,John Williams,Michelle Nguyen
Susan Anderson,Michelle Nguyen,Michelle Nguyen,Charles Miller,503,Linda Wilson,Michelle Nguyen
Joshua Johnson,Michelle Nguyen,Michelle Nguyen,Jessica Young,504,Joshua Johnson,Michelle Nguyen
